CASE_ID,ACCIDENT_YEAR,PROC_DATE,JURIS,COLLISION_DATE,COLLISION_TIME,OFFICER_ID,REPORTING_DISTRICT,DAY_OF_WEEK,CHP_SHIFT,POPULATION,CNTY_CITY_LOC,SPECIAL_COND,BEAT_TYPE,CHP_BEAT_TYPE,CITY_DIVISION_LAPD,CHP_BEAT_CLASS,BEAT_NUMBER,PRIMARY_RD,SECONDARY_RD,DISTANCE,DIRECTION,INTERSECTION,WEATHER_1,WEATHER_2,STATE_HWY_IND,CALTRANS_COUNTY,CALTRANS_DISTRICT,STATE_ROUTE,ROUTE_SUFFIX,POSTMILE_PREFIX,POSTMILE,LOCATION_TYPE,RAMP_INTERSECTION,SIDE_OF_HWY,TOW_AWAY,COLLISION_SEVERITY,NUMBER_KILLED,NUMBER_INJURED,PARTY_COUNT,PRIMARY_COLL_FACTOR,PCF_CODE_OF_VIOL,PCF_VIOL_CATEGORY,PCF_VIOLATION,PCF_VIOL_SUBSECTION,HIT_AND_RUN,TYPE_OF_COLLISION,MVIW,PED_ACTION,ROAD_SURFACE,ROAD_COND_1,ROAD_COND_2,LIGHTING,CONTROL_DEVICE,CHP_ROAD_TYPE,PEDESTRIAN_ACCIDENT,BICYCLE_ACCIDENT,MOTORCYCLE_ACCIDENT,TRUCK_ACCIDENT,NOT_PRIVATE_PROPERTY,ALCOHOL_INVOLVED,STWD_VEHTYPE_AT_FAULT,CHP_VEHTYPE_AT_FAULT,COUNT_SEVERE_INJ,COUNT_VISIBLE_INJ,COUNT_COMPLAINT_PAIN,COUNT_PED_KILLED,COUNT_PED_INJURED,COUNT_BICYCLIST_KILLED,COUNT_BICYCLIST_INJURED,COUNT_MC_KILLED,COUNT_MC_INJURED,PRIMARY_RAMP,SECONDARY_RAMP,LATITUDE,LONGITUDE,COUNTY,CITY,POINT_X,POINT_Y
2676835,2006,2006-09-29,9370,2006-05-05,1710,17799,,5,2,5,0710,0,1,1,,2,082,"RT 80","MCDONALD AV",500.00,W,N,A,-,Y,CC,4,80,-,-,2.530,H,-,E,Y,4,0,2,4,A,-,07,21658,A,F,B,C,A,A,H,-,A,D,6,,,,,Y,,-,99,0,0,2,0,0,0,0,0,0,-,-,,,"CONTRA COSTA",RICHMOND,-122.32414932,37.93023502
2676887,2006,2006-08-10,9370,2006-04-27,1750,017989,,4,2,5,0710,0,1,1,,2,082,"RT 80","POTRERO AV",25.00,W,N,A,-,Y,CC,4,80,-,-,1.528,R,1,E,N,4,0,1,2,A,-,03,22350,,N,C,C,A,A,H,-,A,D,6,,,,,Y,,A,01,0,0,1,0,0,0,0,0,0,-,-,,,"CONTRA COSTA",RICHMOND,-122.31737317,37.91713501
2676902,2006,2006-07-05,9370,2006-03-25,1047,013534,,6,1,5,0710,0,1,1,,2,058,"RT 580","BAYVIEW ST",1056.00,W,N,B,C,Y,CC,4,580,-,-,1.410,H,-,W,Y,4,0,1,2,A,-,03,22350,,N,E,J,A,B,H,-,A,D,1,,,,,Y,,A,07,0,0,1,0,0,0,0,0,0,-,-,,,"CONTRA COSTA",RICHMOND,-122.32656637,37.91531087
2676905,2006,2006-09-29,9370,2006-05-03,0550,014191,,3,3,5,0710,0,1,1,,2,082,"RT 80","CUTTING BL",250.00,E,N,-,-,Y,CC,4,80,-,-,2.130,H,-,W,N,4,0,1,2,A,-,03,22350,,F,C,C,A,-,-,-,-,D,6,,,,,Y,,-,-,0,0,1,0,0,0,0,0,0,-,-,,,"CONTRA COSTA",RICHMOND,-122.32264462,37.92758705
2676931,2006,2006-08-11,9370,2006-04-22,1315,017211,,6,1,5,0710,0,1,1,,2,058,"RT 580","BAYVIEW AV",1056.00,E,N,A,-,Y,CC,4,580,-,-,1.010,H,-,E,Y,4,0,1,2,A,-,07,21658,A,N,B,C,A,A,H,-,A,D,1,,,,,Y,,A,01,0,0,1,0,0,0,0,0,0,-,-,,,"CONTRA COSTA",RICHMOND,-122.32146562,37.90897171
2676954,2006,2006-08-04,9370,2006-04-13,1240,017538,,4,1,5,0710,0,1,1,,2,082,"RT 80","CUTTING BL",1584.00,E,N,A,-,Y,CC,4,80,-,-,2.340,H,-,W,Y,4,0,1,2,A,-,03,22350,,F,C,C,A,A,H,-,A,D,6,,,,,Y,,A,01,0,0,1,0,0,0,0,0,0,-,-,,,"CONTRA COSTA",RICHMOND,-122.32402805,37.92965359
2676990,2006,2006-10-04,9370,2006-05-04,0710,011006,,4,1,5,0710,0,1,1,,2,058,"RT 580","BAYVIEW AV",30.00,W,N,-,-,Y,CC,4,580,-,-,1.220,H,-,W,N,4,0,1,2,A,-,07,21658,A,F,E,I,A,-,-,-,-,D,1,,,,Y,Y,,-,-,0,0,1,0,0,0,0,0,0,-,-,,,"CONTRA COSTA",RICHMOND,-122.32394816,37.91230042
2677035,2006,2006-08-16,9370,2006-04-29,0218,017880,,6,3,5,0710,0,1,1,,2,082,"RT 80","MCBRYDE AV",1000.00,W,N,-,-,Y,CC,4,80,-,-,3.610,H,-,E,Y,2,0,2,2,A,-,08,22107,,N,C,E,A,-,-,-,-,D,6,,,,,Y,,-,-,1,0,1,0,0,0,0,0,0,-,-,,,"CONTRA COSTA",RICHMOND,-122.3242718,37.9450646
2677057,2006,2006-10-04,9370,2006-05-18,2144,017663,,4,2,5,0710,0,1,1,,2,058,"RT 580","MARINA BAY PKY",1000.00,E,N,-,-,Y,CC,4,580,-,R,2.700,H,-,W,Y,2,0,1,1,A,-,08,22107,,N,E,I,A,-,-,-,-,D,1,,,,,Y,,-,-,1,0,0,0,0,0,0,0,0,-,-,,,"CONTRA COSTA",RICHMOND,-122.34315185,37.92180463
2718938,2006,2006-10-04,9350,2006-05-06,1230,016615,,6,1,5,0710,0,1,1,,2,115,"RT 580","CALL BX 206",10.00,E,N,A,-,Y,CC,4,580,-,-,6.730,H,-,W,Y,4,0,1,2,A,-,03,22350,,N,C,C,A,A,H,-,A,A,1,,,,,Y,,A,01,0,0,1,0,0,0,0,0,0,-,-,,,"CONTRA COSTA",RICHMOND,-122.41561306,37.93309375
2724783,2006,2006-10-05,9370,2006-05-26,0500,018007,,5,3,5,0710,0,1,1,,2,083,"RT 80","HILLTOP DR",600.00,W,N,A,-,Y,CC,4,80,-,-,5.870,H,-,E,Y,4,0,1,2,A,-,03,22350,,N,C,C,A,A,-,-,D,D,6,,,,,Y,,A,01,0,0,1,0,0,0,0,0,0,-,-,,,"CONTRA COSTA",RICHMOND,-122.31888709,37.97473569
2727706,2006,2006-10-03,9370,2006-05-21,1530,017907,,7,2,5,0710,0,1,1,,2,083,"RT 80","RICHMOND PKY",5.00,W,N,B,C,Y,CC,4,80,-,-,6.494,R,2,W,Y,4,0,1,1,A,-,03,22350,,N,F,A,A,B,H,-,A,D,6,,,,,Y,,A,07,0,0,1,0,0,0,0,0,0,FR,-,,,"CONTRA COSTA",RICHMOND,-122.31633789,37.98331035
2732322,2006,2006-11-03,9350,2006-06-28,2330,18124,,3,3,5,0710,0,1,1,,2,115,"RT 580","MARIN CONTRA COSTA CO",4752.00,E,N,A,-,Y,CC,4,580,-,-,6.880,H,-,E,Y,4,0,1,2,A,-,01,23152,A,N,C,C,A,A,H,-,C,D,1,,,,,Y,Y,A,07,0,0,1,0,0,0,0,0,0,-,-,,,"CONTRA COSTA",RICHMOND,-122.41658429,37.933097
2732342,2006,2006-11-15,9350,2006-07-02,2300,18124,,7,3,5,0710,0,1,1,,2,115,"RT 580","CC/MRN CO LINE",5808.00,E,N,A,-,Y,CC,4,580,-,-,6.680,H,-,E,Y,3,0,1,1,A,-,01,23152,A,N,B,I,A,A,H,-,C,D,1,,,,,Y,Y,A,01,0,1,0,0,0,0,0,0,0,-,-,,,"CONTRA COSTA",RICHMOND,-122.41278915,37.93287868
2761656,2006,2007-04-27,9370,2006-06-16,1410,17654,,5,2,5,0710,0,1,1,,2,058,"RT 580","ERLANDSON ST",528.00,W,N,A,-,Y,CC,4,580,-,R,2.180,H,-,W,Y,3,0,1,3,A,-,01,23152,A,N,B,C,A,A,H,-,A,D,1,,,,,Y,Y,A,01,0,1,0,0,0,0,0,0,0,-,-,,,"CONTRA COSTA",RICHMOND,-122.33384245,37.92067471
2761699,2006,2006-11-02,9370,2006-06-24,1230,016446,,6,1,5,0710,0,1,1,,2,058,"RT 580","CENTRAL AV",528.00,E,N,A,-,Y,CC,4,580,-,-,0.100,H,-,W,Y,4,0,1,2,A,-,07,21658,A,N,E,I,A,A,H,-,A,D,0,,,,,Y,,A,08,0,0,1,0,0,0,0,0,0,-,-,,,"CONTRA COSTA",RICHMOND,-122.31211013,37.89781718
2761700,2006,2006-10-31,9370,2006-06-24,0245,017089,,6,3,5,0710,0,1,1,,2,082,"RT 80","CUTTING BL",1427.00,E,N,B,-,Y,CC,4,80,-,-,2.340,H,-,E,Y,3,0,1,1,A,-,08,22107,,N,E,I,A,A,H,-,D,D,6,,,,,Y,,A,01,0,1,0,0,0,0,0,0,0,-,-,,,"CONTRA COSTA",RICHMOND,-122.32351295,37.92942139
2761721,2006,2006-10-27,9370,2006-06-22,2050,017805,,4,2,5,0710,0,3,5,,2,012,"FLANNERY RD","DOLAN WY",251.00,E,N,A,-,N,,,,,,,,,,Y,3,0,1,2,A,-,08,22107,,N,D,E,A,A,H,-,C,D,0,,,,,Y,,A,01,0,1,0,0,0,0,0,0,0,-,-,,,"CONTRA COSTA",RICHMOND,-122.31633445,37.99280548
2761724,2006,2006-11-01,9370,2006-06-24,0248,017774,,6,3,5,0710,0,1,1,,2,082,"RT 80","CUTTING BL",1810.00,E,N,B,-,Y,CC,4,80,-,-,2.410,H,-,E,Y,2,0,3,2,A,-,03,22350,,N,A,C,A,A,H,-,D,D,6,,,,,Y,,A,01,1,1,1,0,0,0,0,0,0,-,-,,,"CONTRA COSTA",RICHMOND,-122.3237474,37.92972115
2761735,2006,2006-11-20,9370,2006-07-02,1430,017805,,7,2,5,0710,0,1,1,,2,083,"RT 80","HILLTOP DR",600.00,W,N,A,-,Y,CC,4,80,-,-,5.870,H,-,W,Y,4,0,3,2,A,-,07,21658,A,N,B,C,A,A,H,-,A,D,6,,,,,Y,,A,01,0,0,3,0,0,0,0,0,0,-,-,,,"CONTRA COSTA",RICHMOND,-122.31949327,37.97335039
2761762,2006,2007-06-19,9370,2006-06-09,1305,016332,,5,1,5,0710,0,1,1,,2,083,"RT 80","HILLTOP DR",1244.00,E,N,A,-,Y,CC,4,80,-,-,6.230,H,-,W,Y,1,1,0,1,A,-,07,21658,A,N,E,I,A,A,H,-,A,D,6,,,,,Y,,A,01,0,0,0,0,0,0,0,0,0,-,-,,,"CONTRA COSTA",RICHMOND,-122.31704894,37.98071869
2762636,2006,2006-12-08,0710,2006-08-14,0408,E092,,1,5,5,0710,0,0,0,,0,Z11,"CUTTING BL","RT 80",52.00,W,N,A,-,Y,CC,4,80,-,-,2.150,R,4,W,Y,4,0,1,2,A,-,05,21651,B,F,A,C,A,A,H,-,C,A,0,,,,,Y,,A,01,0,0,1,0,0,0,0,0,0,-,-,,,"CONTRA COSTA",RICHMOND,-122.32289317,37.92793501
2770162,2006,2006-12-05,0710,2006-08-07,2047,1266,,1,5,5,0710,0,0,0,,0,,"BLUME DR","KLOSE WY",0.00,,Y,A,-,N,,,,,,,,,,Y,4,0,2,2,A,-,-,,,N,-,C,A,A,H,-,C,A,0,,,,,Y,,-,-,0,0,2,0,0,0,0,0,0,-,-,,,"CONTRA COSTA",RICHMOND,-122.32283317,37.98198318
2770166,2006,2006-12-04,0710,2006-08-08,0655,1242,,2,5,5,0710,0,0,0,,0,,"29TH ST","MARICOPA AV",0.00,,Y,B,-,N,,,,,,,,,,Y,4,0,1,2,A,-,09,21802,A,N,D,C,A,A,H,-,A,A,0,,,,,Y,,A,01,0,0,1,0,0,0,0,0,0,-,-,,,"CONTRA COSTA",RICHMOND,-122.33885317,37.95060349
2770167,2006,2006-12-28,0710,2006-08-05,1448,1396,,6,5,5,0710,0,0,0,,0,,"CUTTING BL","RT 580",0.00,,Y,A,-,Y,CC,4,580,-,R,4.000,R,4,E,Y,4,0,2,2,-,-,-,,,N,A,C,A,A,H,-,A,A,0,,,,,Y,,-,-,0,0,2,0,0,0,0,0,0,-,EF,,,"CONTRA COSTA",RICHMOND,-122.36745317,37.926895
2770170,2006,2006-12-08,0710,2006-08-07,1146,1242,,1,5,5,0710,0,0,0,,0,,"RICHMOND PKY","RT 80",60.00,W,N,B,-,Y,CC,4,80,-,-,6.690,R,4,W,N,4,0,2,2,A,-,04,21703,,N,C,C,A,A,H,-,A,D,0,,,,,Y,,D,22,0,0,2,0,0,0,0,0,0,-,WO,,,"CONTRA COSTA",RICHMOND,-122.31577317,37.98522501
2770172,2006,2006-11-21,0710,2006-07-18,1525,1242,,2,5,5,0710,0,0,0,,0,,"CENTRAL AV","SAN MATEO DR",54.00,W,N,A,-,N,,,,,,,,,,Y,4,0,2,3,A,-,04,21703,,N,C,C,A,A,H,-,A,A,0,,,,,Y,,A,01,0,0,2,0,0,0,0,0,0,-,-,,,"CONTRA COSTA",RICHMOND,-122.30897718,37.90122604
2770174,2006,2006-12-05,0710,2006-08-07,1923,1378,,1,5,5,0710,0,0,0,,0,,"9TH ST","MACDONALD AV",0.00,,Y,A,-,N,,,,,,,,,,N,4,0,1,2,-,-,-,,,F,D,G,A,A,H,-,B,D,0,,Y,,,Y,,-,-,0,0,1,0,0,0,1,0,0,-,-,,,"CONTRA COSTA",RICHMOND,-122.36094317,37.93565369
2770180,2006,2006-11-21,0710,2006-07-17,1618,1119,,1,5,5,0710,0,0,0,,0,,"BLUME DR","RICHMOND PKY",15.00,N,N,A,-,N,,,,,,,,,,N,4,0,3,2,A,-,04,21703,,N,C,C,A,A,H,-,A,A,0,,,,,Y,,A,01,0,0,3,0,0,0,0,0,0,-,-,,,"CONTRA COSTA",RICHMOND,-122.31715222,37.98691177
2770182,2006,2006-11-28,0710,2006-07-15,1612,1426,,6,5,5,0710,0,0,0,,0,003,"CUTTING BL","S 37TH ST",0.00,,Y,A,-,N,,,,,,,,,,N,4,0,1,2,A,-,12,21457,A,N,D,C,A,A,H,-,A,A,0,,,,,Y,,A,01,0,0,1,0,0,0,0,0,0,-,-,,,"CONTRA COSTA",RICHMOND,-122.33431317,37.92537689
2770184,2006,2006-11-21,0710,2006-07-17,1114,1119,,1,5,5,0710,0,0,0,,0,,"SAN PABLO AV","MACDONALD AV",77.00,N,N,A,-,N,,,,,,,,,,Y,4,0,3,3,A,-,04,21703,,N,C,C,A,A,H,-,A,A,0,,,,,Y,,A,01,0,0,3,0,0,0,0,0,0,-,-,,,"CONTRA COSTA",RICHMOND,-122.32362715,37.93253708
2770187,2006,2006-11-21,0710,2006-07-03,2003,1133,,1,5,5,0710,0,0,0,,0,009,"MEADOWBROOK DR","GRASSWOOD DR",0.00,,Y,A,-,N,,,,,,,,,,N,4,0,2,2,A,-,09,21801,A,N,A,C,A,A,H,-,A,D,0,,,,,Y,,D,22,0,0,2,0,0,0,0,0,0,-,-,,,"CONTRA COSTA",RICHMOND,-122.28599317,37.97273636
2770188,2006,2006-11-21,0710,2006-07-17,1712,1119,,1,5,5,0710,0,0,0,,0,,"RICHMOND PKY","GERTRUDE AV",142.00,S,N,A,-,N,,,,,,,,,,Y,4,0,1,2,A,-,03,22350,,N,C,C,A,A,H,-,A,A,0,,,,,Y,,A,01,0,0,1,0,0,0,0,0,0,-,-,,,"CONTRA COSTA",RICHMOND,-122.37361676,37.95365143
2770190,2006,2006-11-21,0710,2006-07-14,2005,417,,5,5,5,0710,0,0,0,,0,007,"TULARE AV","29TH ST",0.00,,Y,A,-,N,,,,,,,,,,Y,4,0,2,3,A,-,09,21802,A,N,D,C,A,A,H,-,A,A,0,,,,,Y,Y,A,,0,0,2,0,0,0,0,0,0,-,-,,,"CONTRA COSTA",RICHMOND,-122.33885317,37.95132446
2770192,2006,2006-11-21,0710,2006-07-19,0834,1242,,3,5,5,0710,0,0,0,,0,,"23RD ST","BISSELL AV",0.00,,Y,A,-,N,,,,,,,,,,Y,4,0,4,2,A,-,12,21453,A,N,D,C,A,A,H,-,A,A,0,,,,,Y,,-,-,0,0,4,0,0,0,0,0,0,-,-,,,"CONTRA COSTA",RICHMOND,-122.34861317,37.93414688
2770195,2006,2006-11-21,0710,2006-07-03,2038,1407,NORTH,1,5,5,0710,0,0,0,,0,007,"BARRETT AV","KEY BL",93.00,W,N,A,-,N,,,,,,,,,,N,2,0,1,2,A,-,05,21202,A,N,D,-,A,A,H,-,A,A,0,,Y,,,Y,,L,04,1,0,0,0,0,0,1,0,0,-,-,,,"CONTRA COSTA",RICHMOND,-122.32359679,37.9357605
2770198,2006,2006-11-21,0710,2006-07-24,1433,1119,,1,5,5,0710,0,0,0,,0,,"RICHMOND PKY","GIANT AV",167.00,W,N,A,-,N,,,,,,,,,,Y,3,0,1,1,A,-,05,21650,,N,F,A,A,A,H,-,A,D,0,,,Y,,Y,,C,02,0,1,0,0,0,0,0,0,1,-,EO,,,"CONTRA COSTA",RICHMOND,-122.35320916,37.97989273
2770199,2006,2006-11-21,0710,2006-07-09,1945,1421,,7,5,5,0710,0,0,0,,0,,"34TH ST","NEVIN AV",0.00,,Y,A,-,N,,,,,,,,,,N,4,0,1,2,A,-,09,21802,A,N,H,G,A,A,H,-,A,A,0,,Y,,,Y,,L,04,0,0,1,0,0,0,1,0,0,-,-,,,"CONTRA COSTA",RICHMOND,-122.33674317,37.93537521
2770200,2006,2006-11-21,0710,2006-07-15,2006,1242,,6,5,5,0710,0,0,0,,0,,"SAN PABLO AV","LA PUENTA DR",297.00,N,N,A,-,N,,,,,,,,,,Y,2,0,1,2,A,-,05,21650,,F,C,G,A,A,H,-,C,D,0,,Y,,,Y,,D,22,1,0,0,0,0,0,1,0,0,-,-,,,"CONTRA COSTA",RICHMOND,-122.34008888,37.97949219
2770203,2006,2006-11-02,0710,2006-06-30,2130,1405,,5,5,5,0710,0,0,0,,0,008,"RICHMOND PKY","BELLA VISTA",300.00,W,N,A,-,N,,,,,,,,,,Y,4,0,1,1,A,-,05,21650,,N,E,I,A,A,H,-,C,A,0,,,,,Y,,-,-,0,0,1,0,0,0,0,0,0,-,-,,,"CONTRA COSTA",RICHMOND,0,0
2770205,2006,2006-12-06,0710,2006-08-11,1556,1281,,5,5,5,0710,0,0,0,,0,,"SAN PABLO AV","MCBRYDE AV",250.00,S,N,A,-,N,,,,,,,,,,N,4,0,1,2,A,-,03,22350,,N,C,C,A,A,H,-,A,D,0,,,,,Y,,-,-,0,0,1,0,0,0,0,0,0,-,-,,,"CONTRA COSTA",RICHMOND,-122.33046708,37.9466095
2770207,2006,2006-11-21,0710,2006-07-04,2038,1266,,2,5,5,0710,0,0,0,,0,,"GIANT HWY","JOHN ST",0.00,,Y,B,-,N,,,,,,,,,,N,4,0,1,2,A,-,09,21803,,N,C,D,A,A,H,-,C,A,0,,,,,Y,,A,07,0,0,1,0,0,0,0,0,0,-,-,,,"CONTRA COSTA",RICHMOND,-122.35297318,37.97938538
2770208,2006,2006-11-22,0710,2006-07-17,1956,1407,NORTH,1,5,5,0710,0,0,0,,0,007,MCBRYDE,"28TH ST",0.00,,Y,A,-,N,,,,,,,,,,N,4,0,1,2,A,-,12,22450,,N,D,G,A,A,H,-,A,A,0,,Y,,,Y,,L,04,0,0,1,0,0,0,1,0,0,-,-,,,"CONTRA COSTA",RICHMOND,-122.34103317,37.94706345
2770209,2006,2006-12-06,0710,2006-08-12,0644,1242,,6,5,5,0710,0,0,0,,0,,"CUTTING BL","SOUTH 37TH ST",0.00,,Y,B,-,N,,,,,,,,,,Y,4,0,2,2,D,-,00,,,N,D,C,A,A,H,-,A,A,0,,,,,Y,,-,-,0,0,2,0,0,0,0,0,0,-,-,,,"CONTRA COSTA",RICHMOND,-122.33431317,37.92537689
2770211,2006,2006-10-28,0710,2006-06-28,1905,1266,,3,5,5,0710,0,0,0,,0,,"RICHMOND PKY","SAN PABLO AV",0.00,,Y,A,-,N,,,,,,,,,,Y,4,0,2,3,A,-,12,21453,A,F,D,C,A,A,H,-,A,D,0,,,,,Y,,-,-,0,0,2,0,0,0,0,0,0,-,-,,,"CONTRA COSTA",RICHMOND,-122.33294318,37.99079514
2770213,2006,2006-12-14,0710,2006-08-12,1933,1421,SOUTH,6,5,5,0710,0,0,0,,0,003,"CUTTING BL","RT 80",0.00,,Y,A,-,Y,CC,4,80,-,-,2.150,R,4,W,N,4,0,1,2,A,-,12,21453,A,N,B,C,A,A,H,-,A,A,0,,,,,Y,,A,,0,0,1,0,0,0,0,0,0,-,-,,,"CONTRA COSTA",RICHMOND,-122.32289317,37.92793501
2770215,2006,2006-11-21,0710,2006-07-07,1458,1426,,5,5,5,0710,0,0,0,,0,007,"37TH ST","SOLANO AV",0.00,,Y,A,-,N,,,,,,,,,,Y,4,0,1,3,A,-,03,22350,,F,D,C,A,A,H,-,A,D,0,,,,,Y,Y,A,,0,0,1,0,0,0,0,0,0,-,-,,,"CONTRA COSTA",RICHMOND,-122.33208317,37.94280624
2770217,2006,2006-12-06,0710,2006-08-11,1321,1281,,5,5,5,0710,0,0,0,,0,,"HARTNETT AV","CARLSON BL",275.00,S,N,A,-,N,,,,,,,,,,N,2,0,1,2,A,-,09,21804,A,N,H,G,A,A,H,-,A,D,0,,Y,,,Y,,L,04,1,0,0,0,0,0,1,0,0,-,-,,,"CONTRA COSTA",RICHMOND,-122.32624307,37.91712952
2770218,2006,2006-11-21,0710,2006-07-30,2152,1033,,7,5,5,0710,0,0,0,,0,,"9TH ST","RIPLEY AV",240.00,N,N,A,-,N,,,,,,,,,,N,3,0,1,3,A,-,08,22107,,F,B,C,E,A,H,-,C,A,0,Y,,,,Y,,A,,0,1,0,0,1,0,0,0,0,-,-,,,"CONTRA COSTA",RICHMOND,-122.36089613,37.94102478
2770225,2006,2006-12-06,0710,2006-08-16,1527,1242,,3,5,5,0710,0,0,0,,0,,"CUTTING BL","CARLSON BL",0.00,,Y,A,-,N,,,,,,,,,,N,4,0,2,2,A,-,04,21703,,N,C,C,A,A,H,-,A,A,0,,,,,Y,,A,01,0,0,2,0,0,0,0,0,0,-,-,,,"CONTRA COSTA",RICHMOND,-122.33822317,37.92524338
2770228,2006,2006-12-11,0710,2006-07-21,2030,1432,,5,5,5,0710,0,0,0,,0,,"CANAL BL","RT 580",0.00,,Y,A,-,Y,CC,4,580,-,R,4.775,R,4,E,N,3,0,1,2,A,-,08,22101,D,N,B,C,A,A,H,-,A,A,0,,,,,Y,,D,,0,1,0,0,0,0,0,0,0,-,EF,,,"CONTRA COSTA",RICHMOND,-122.38068424,37.92740844
2770233,2006,2006-12-11,0710,2006-08-10,1755,1359,,4,5,5,0710,0,0,0,,0,001,"CASTRO ST","MILLS AV",1320.00,S,N,A,-,N,,,,,,,,,,Y,3,0,1,1,A,-,-,,,N,B,J,A,A,H,-,A,D,0,,,,,Y,,D,,0,1,0,0,0,0,0,0,0,-,-,,,"CONTRA COSTA",RICHMOND,0,0
2770234,2006,2006-11-29,0710,2006-07-28,1240,1425,,5,5,5,0710,0,0,0,,0,007,"37TH ST","CHANSLOR AV",74.00,S,N,A,-,N,,,,,,,,,,N,4,0,2,2,A,-,05,21460,A,N,D,C,A,A,H,-,A,D,0,,,,,Y,,-,-,0,0,2,0,0,0,0,0,0,-,-,,,"CONTRA COSTA",RICHMOND,-122.3346381,37.93224335
2770239,2006,2006-11-21,0710,2006-07-10,0848,1242,,1,5,5,0710,0,0,0,,0,,"BUSH AV","HAYES ST",0.00,,Y,B,-,N,,,,,,,,,,Y,4,0,2,2,A,-,09,21800,B,N,D,C,A,A,H,-,A,D,0,,,,,Y,,A,01,0,0,2,0,0,0,0,0,0,-,-,,,"CONTRA COSTA",RICHMOND,-122.34641317,37.95571518
2770241,2006,2006-11-21,0710,2006-07-15,2300,1341,,6,5,5,0710,0,0,0,,0,008,"RICHMOND PKY","ATLAS RD",24.00,S,N,A,-,N,,,,,,,,,,Y,4,0,1,2,A,-,12,21453,A,N,D,C,A,A,H,-,C,A,0,,,,,Y,,A,,0,0,1,0,0,0,0,0,0,-,-,,,"CONTRA COSTA",RICHMOND,-122.33650072,37.99100494
2770249,2006,2006-11-21,0710,2006-07-22,0010,1119,,6,5,5,0710,0,0,0,,0,,"13TH ST","RHEEM AV",0.00,,Y,A,-,N,,,,,,,,,,Y,4,0,3,2,A,-,12,21453,A,N,D,C,A,A,H,-,C,A,0,,,,,Y,Y,A,01,0,0,3,0,0,0,0,0,0,-,-,,,"CONTRA COSTA",RICHMOND,-122.35723318,37.94957352
2770253,2006,2006-11-21,0710,2006-07-05,1946,1327,,3,5,5,0710,0,0,0,,0,007,"MACDONALD AV","37TH ST",0.00,,Y,A,-,N,,,,,,,,,,Y,4,0,1,2,A,-,12,21453,A,N,D,C,A,A,H,-,A,A,0,,,,,Y,,M,,0,0,1,0,0,0,0,0,0,-,-,,,"CONTRA COSTA",RICHMOND,-122.33427317,37.93386459
2770261,2006,2006-11-21,0710,2006-07-21,2259,1430,NORTH,5,5,5,0710,0,0,0,,0,007,"SAN PABLO AV","GARVIN AV",0.00,,Y,A,-,N,,,,,,,,,,Y,3,0,3,2,A,-,01,23152,A,N,D,C,A,A,H,-,C,A,0,,,,,Y,,-,-,0,1,2,0,0,0,0,0,0,-,-,,,"CONTRA COSTA",RICHMOND,-122.32910317,37.9437561
2771993,2006,2007-03-06,9370,2006-08-13,2240,017984,,7,3,5,0710,0,1,1,,2,082,"RT 80","EL PORTAL DR",500.00,E,N,A,-,Y,CC,4,80,-,-,6.030,H,-,E,N,4,0,1,2,A,-,03,22350,,F,C,C,A,A,H,-,C,D,6,,,,,Y,,A,07,0,0,1,0,0,0,0,0,0,-,-,,,"CONTRA COSTA",RICHMOND,-122.31772317,37.97815501
2781176,2006,2006-11-02,9370,2006-06-03,2125,017822,,6,2,5,0710,0,1,1,,2,083,"RT 80","HILLTOP DR",150.00,E,N,A,-,Y,CC,4,80,-,-,6.020,H,-,W,Y,4,0,2,2,A,-,07,21658,A,N,B,C,A,A,H,-,D,D,6,,,,,Y,,A,01,0,0,2,0,0,0,0,0,0,-,-,,,"CONTRA COSTA",RICHMOND,-122.31873349,37.97558495
2781180,2006,2006-12-06,9370,2006-07-13,1835,013964,,4,2,5,0710,0,1,1,,2,058,"RT 580","CUTTING BL",2640.00,W,N,A,-,Y,CC,4,580,-,R,4.290,H,-,W,N,4,0,1,1,A,-,08,22107,,N,E,I,A,A,H,-,A,D,1,,,,,Y,,A,01,0,0,1,0,0,0,0,0,0,-,-,,,"CONTRA COSTA",RICHMOND,-122.3706609,37.92729685
2781661,2006,2007-03-16,9370,2006-08-07,0943,15478,9370,1,1,5,0710,0,1,1,,2,083,"RT 80","RICHMOND PKY",45.00,E,N,B,-,Y,CC,4,80,-,-,6.856,R,1,W,N,4,0,1,2,A,-,21,22106,,N,C,C,A,A,H,-,A,A,6,,,,,Y,,A,01,0,0,1,0,0,0,0,0,0,TO,-,,,"CONTRA COSTA",RICHMOND,-122.31148317,37.99008501
2782996,2006,2006-12-01,9370,2006-07-23,1300,016446,,7,1,5,0710,0,1,1,,2,081,"RT 80","CENTRAL AV",1056.00,E,N,A,-,Y,CC,4,80,-,-,0.450,H,-,W,N,4,0,1,2,A,-,08,22107,,N,C,D,A,A,H,-,A,D,6,,,,,Y,,A,01,0,0,1,0,0,0,0,0,0,-,-,,,"CONTRA COSTA",RICHMOND,-122.31308094,37.90399749
2783058,2006,2006-12-01,9370,2006-07-29,0227,017736,,6,3,5,0710,0,1,1,,2,058,"RT 580","MARINA BAY PKY",1584.00,E,N,A,-,Y,CC,4,580,-,R,3.050,H,-,W,Y,2,0,1,3,A,-,01,23152,A,N,D,C,A,A,H,-,C,D,1,,,,,Y,Y,A,01,1,0,0,0,0,0,0,0,0,-,-,,,"CONTRA COSTA",RICHMOND,-122.35263317,37.921855