CASE_ID,ACCIDENT_YEAR,PROC_DATE,JURIS,COLLISION_DATE,COLLISION_TIME,OFFICER_ID,REPORTING_DISTRICT,DAY_OF_WEEK,CHP_SHIFT,POPULATION,CNTY_CITY_LOC,SPECIAL_COND,BEAT_TYPE,CHP_BEAT_TYPE,CITY_DIVISION_LAPD,CHP_BEAT_CLASS,BEAT_NUMBER,PRIMARY_RD,SECONDARY_RD,DISTANCE,DIRECTION,INTERSECTION,WEATHER_1,WEATHER_2,STATE_HWY_IND,CALTRANS_COUNTY,CALTRANS_DISTRICT,STATE_ROUTE,ROUTE_SUFFIX,POSTMILE_PREFIX,POSTMILE,LOCATION_TYPE,RAMP_INTERSECTION,SIDE_OF_HWY,TOW_AWAY,COLLISION_SEVERITY,NUMBER_KILLED,NUMBER_INJURED,PARTY_COUNT,PRIMARY_COLL_FACTOR,PCF_CODE_OF_VIOL,PCF_VIOL_CATEGORY,PCF_VIOLATION,PCF_VIOL_SUBSECTION,HIT_AND_RUN,TYPE_OF_COLLISION,MVIW,PED_ACTION,ROAD_SURFACE,ROAD_COND_1,ROAD_COND_2,LIGHTING,CONTROL_DEVICE,CHP_ROAD_TYPE,PEDESTRIAN_ACCIDENT,BICYCLE_ACCIDENT,MOTORCYCLE_ACCIDENT,TRUCK_ACCIDENT,NOT_PRIVATE_PROPERTY,ALCOHOL_INVOLVED,STWD_VEHTYPE_AT_FAULT,CHP_VEHTYPE_AT_FAULT,COUNT_SEVERE_INJ,COUNT_VISIBLE_INJ,COUNT_COMPLAINT_PAIN,COUNT_PED_KILLED,COUNT_PED_INJURED,COUNT_BICYCLIST_KILLED,COUNT_BICYCLIST_INJURED,COUNT_MC_KILLED,COUNT_MC_INJURED,PRIMARY_RAMP,SECONDARY_RAMP,LATITUDE,LONGITUDE,COUNTY,CITY,POINT_X,POINT_Y
2783067,2006,2006-12-01,9370,2006-07-06,2050,017509,,4,2,5,0710,0,1,1,,2,082,"RT 80","SOLANO AV",75.00,W,N,A,-,Y,CC,4,80,-,-,3.400,H,-,W,Y,3,0,1,2,A,-,07,21658,A,N,B,C,A,A,H,-,A,D,6,,,,,Y,,A,07,0,1,0,0,0,0,0,0,0,-,-,,,"CONTRA COSTA",RICHMOND,-122.32387946,37.94292741
2783071,2006,2006-12-01,9370,2006-07-07,0740,12906,,5,1,5,0710,0,1,1,,2,058,"RT 580","MARINE ST",2112.00,W,N,A,-,Y,CC,4,580,-,-,5.860,H,-,W,N,4,0,1,2,A,-,03,22350,,N,C,C,A,A,H,-,A,D,1,,,,Y,Y,,G,25,0,0,1,0,0,0,0,0,0,-,-,,,"CONTRA COSTA",RICHMOND,-122.39759318,37.932555
2783177,2006,2006-12-04,9370,2006-07-06,1800,013964,,4,2,5,0710,0,1,1,,2,083,"RT 80","EL PORTAL DR",1584.00,W,N,A,-,Y,CC,4,80,-,-,4.950,H,-,E,Y,4,0,2,5,A,-,07,21658,A,N,B,C,A,A,H,-,A,D,6,,,,Y,Y,,F,26,0,0,2,0,0,0,0,0,0,-,-,,,"CONTRA COSTA",RICHMOND,-122.32734744,37.96340734
2783181,2006,2006-12-01,9370,2006-07-02,2345,017663,,7,3,5,0710,0,1,1,,2,058,"RT 580","MEEKER AV",125.00,W,N,A,-,Y,CC,4,580,-,R,2.080,H,-,E,Y,3,0,1,2,C,-,18,,,N,B,C,A,A,H,-,C,D,1,,,,Y,Y,,-,-,0,1,0,0,0,0,0,0,0,-,-,,,"CONTRA COSTA",RICHMOND,-122.33103572,37.91878523
2803683,2006,2006-12-06,9370,2006-07-03,0725,17045,,1,1,5,0710,0,1,1,,2,083,"RT 80","HILLTOP DR",125.00,E,N,B,-,Y,CC,4,80,-,-,5.960,H,-,E,Y,2,0,1,1,A,-,08,22107,,N,F,A,A,A,H,-,A,D,6,,,,Y,Y,,G,25,1,0,0,0,0,0,0,0,0,-,-,,,"CONTRA COSTA",RICHMOND,-122.31807772,37.97703444
2803788,2006,2006-12-07,9370,2006-07-22,2254,017736,,6,3,5,0710,0,1,1,,2,058,"RT 580","WESTERN DR",428.00,E,N,A,-,Y,CC,4,580,-,-,5.930,H,-,W,Y,3,0,2,2,A,-,01,23152,A,F,E,I,A,A,H,-,D,D,1,,,,,Y,,A,01,0,1,1,0,0,0,0,0,0,-,-,,,"CONTRA COSTA",RICHMOND,-122.39875786,37.9322503
2804028,2006,2006-12-19,9370,2006-08-11,1210,017538,,5,1,5,0710,0,1,1,,2,082,"RT 80","CENTRAL AV",1300.00,W,N,A,-,Y,CC,4,80,-,-,0.000,H,-,E,Y,3,0,2,2,A,-,07,21658,A,N,B,C,A,A,H,-,A,-,6,,,,,Y,,A,01,0,1,1,0,0,0,0,0,0,-,-,,,"CONTRA COSTA",RICHMOND,-122.30921458,37.89794105
2804035,2006,2006-12-22,9370,2006-08-02,0600,016446,,3,1,5,0710,0,1,1,,2,082,"RT 80","CARLSON BL",1056.00,W,N,A,-,Y,CC,4,80,-,-,0.800,H,-,W,Y,3,0,1,3,A,-,07,21658,A,F,B,C,A,A,H,-,A,D,6,,,,,Y,,-,99,0,1,0,0,0,0,0,0,0,-,-,,,"CONTRA COSTA",RICHMOND,-122.31449407,37.90615821
2804121,2006,2006-12-22,9370,2006-08-03,1740,013534,,4,2,5,0710,0,1,1,,2,083,"RT 80","RICHMOND PKY",400.00,W,N,B,-,Y,CC,4,80,-,-,6.660,H,-,E,Y,4,0,2,3,A,-,08,22107,,N,B,C,A,A,H,-,A,D,6,,,,,Y,,A,01,0,0,2,0,0,0,0,0,0,-,-,,,"CONTRA COSTA",RICHMOND,-122.31481068,37.98609063
2806490,2006,2007-01-08,9370,2006-09-10,0125,017934,,7,3,5,0710,0,1,1,,2,083,"RT 80","SAN PABLO DAM RD",515.00,E,N,A,-,Y,CC,4,80,-,-,4.440,H,-,W,Y,4,0,1,1,A,-,08,22107,,N,E,I,A,A,H,-,C,D,6,,,,,Y,Y,A,01,0,0,1,0,0,0,0,0,0,-,-,,,"CONTRA COSTA",RICHMOND,-122.33080774,37.95899426
2806524,2006,2006-12-15,9370,2006-08-17,0810,12484,,4,1,5,0710,0,1,1,,2,082,"RT 80","CUTTING BL",220.00,E,N,A,-,Y,CC,4,80,-,-,2.120,H,-,W,Y,3,0,3,3,A,-,07,21658,A,N,D,C,A,A,H,-,A,D,6,,,,,Y,,A,07,0,1,2,0,0,0,0,0,0,-,-,,,"CONTRA COSTA",RICHMOND,-122.32252047,37.92741324
2808936,2006,2007-01-09,9370,2006-09-07,1744,17424,,4,2,5,0710,0,1,1,,2,083,"RT 80","APPIAN WY",200.00,W,N,A,-,Y,CC,4,80,-,-,7.560,H,-,W,N,3,0,1,2,A,-,07,21658,A,F,B,C,A,A,H,-,A,D,6,,,Y,,Y,,A,01,0,1,0,0,0,0,0,0,1,-,-,,,"CONTRA COSTA",RICHMOND,-122.3037251,37.99320158
2808942,2006,2007-01-04,9370,2006-09-16,1420,013964,,6,2,5,0710,0,1,1,,2,083,"RT 80","RICHMOND PKY",1224.00,E,N,A,-,Y,CC,4,80,-,-,6.970,H,-,E,Y,3,0,1,3,A,-,07,21658,A,M,B,C,A,A,H,-,A,D,6,,,,,Y,,A,08,0,1,0,0,0,0,0,0,0,-,-,,,"CONTRA COSTA",RICHMOND,-122.3099465,37.99087851
2808981,2006,2007-01-09,9370,2006-09-12,0845,014191,,2,1,5,0710,0,1,1,,2,058,"RT 580","CENTRAL AV",126.00,W,N,B,-,Y,CC,4,580,-,-,0.260,H,-,E,Y,4,0,2,3,A,-,03,22350,,N,C,C,A,A,H,-,A,D,1,,,,,Y,,A,08,0,0,2,0,0,0,0,0,0,-,-,,,"CONTRA COSTA",RICHMOND,-122.3147135,37.90073136
2856753,2006,2007-02-01,9370,2006-10-15,1340,017211,,7,1,5,0710,0,1,1,,2,082,"RT 80","BARRETT AV",1056.00,E,N,B,-,Y,CC,4,80,-,-,3.050,H,-,W,Y,3,0,2,2,A,-,04,21703,,N,C,C,A,A,C,-,A,D,6,,,,,Y,,A,01,0,1,1,0,0,0,0,0,0,-,-,,,"CONTRA COSTA",RICHMOND,-122.32517949,37.93934101
2858858,2006,2007-01-23,9370,2006-09-18,0700,014191,,1,1,5,0710,0,1,1,,2,083,"RT 80","EL PORTAL DR",100.00,E,N,A,-,Y,CC,4,80,-,-,5.300,H,-,E,Y,4,0,2,2,A,-,03,22350,,N,C,C,A,A,H,-,A,D,6,,,,,Y,,A,01,0,0,2,0,0,0,0,0,0,-,-,,,"CONTRA COSTA",RICHMOND,-122.32164882,37.96711892
2858933,2006,2007-01-19,9370,2006-09-30,0745,017211,,6,1,5,0710,0,1,1,,2,083,"RT 80","EL PORTAL DR",2112.00,E,N,B,-,Y,CC,4,80,-,-,5.680,H,-,W,Y,3,0,1,1,A,-,01,23152,A,N,E,I,A,A,H,-,A,D,6,,,,,Y,Y,A,01,0,1,0,0,0,0,0,0,0,-,-,,,"CONTRA COSTA",RICHMOND,-122.31989521,37.97215709
2858935,2006,2007-01-19,9370,2006-09-06,0155,017907,,3,3,5,0710,0,1,1,,2,083,"RT 80","RICHMOND PKY",1500.00,E,N,A,-,Y,CC,4,80,-,-,7.020,H,-,E,Y,3,0,4,3,A,-,05,21651,B,N,A,C,A,A,H,-,C,D,6,,,,,Y,,A,01,0,2,2,0,0,0,0,0,0,-,-,,,"CONTRA COSTA",RICHMOND,-122.30969145,37.99102853
2858937,2006,2007-06-25,9370,2006-07-05,1855,17799,,3,2,5,0710,0,3,5,,2,010,"GROVE AV","5TH ST",60.00,E,N,A,-,N,,,,,,,,,,Y,1,1,0,2,A,-,03,22350,,F,D,G,A,A,H,-,A,D,0,,Y,,,Y,,A,01,0,0,0,0,0,1,0,0,0,-,-,,,"CONTRA COSTA",RICHMOND,-122.36404501,37.95617676
2858990,2006,2006-12-22,9370,2006-08-31,1115,017211,,4,1,5,0710,0,1,1,,2,081,"RT 80","CENTRAL AV",12.00,W,N,A,-,Y,CC,4,80,-,-,0.827,R,3,W,Y,3,0,1,1,A,-,08,22107,,N,F,A,A,A,-,-,A,D,6,,,,Y,Y,,F,25,0,1,0,0,0,0,0,0,0,FR,-,,,"CONTRA COSTA",RICHMOND,-122.31460316,37.90632501
2858991,2006,2006-12-01,9370,2006-07-31,0700,014191,,1,1,5,0710,0,1,1,,2,082,"RT 80","CARLSON BL",200.00,W,N,B,-,Y,CC,4,80,-,-,0.960,H,-,W,N,3,0,1,2,A,-,17,23114,A,F,E,J,A,A,H,-,A,D,6,,,,,Y,,D,22,0,1,0,0,0,0,0,0,0,-,-,,,"CONTRA COSTA",RICHMOND,-122.3165168,37.90913694
2859038,2006,2006-11-03,9370,2006-04-13,1140,14115,,4,1,5,0710,0,1,1,,2,083,"RT 80","HILLTOP DR",1000.00,E,N,A,-,Y,CC,4,80,-,-,6.170,H,-,E,Y,4,0,1,4,A,-,03,22350,,F,C,C,A,A,H,-,A,D,6,,,,Y,Y,,-,99,0,0,1,0,0,0,0,0,0,-,-,,,"CONTRA COSTA",RICHMOND,-122.31702379,37.9801982
2860168,2006,2007-01-19,9370,2006-09-29,0027,017989,,5,3,5,0710,0,1,1,,2,082,"RT 80","BARRETT AV",480.00,W,N,A,-,Y,CC,4,80,-,-,2.730,H,-,W,Y,3,0,2,6,A,-,01,23152,A,F,B,C,E,A,H,-,D,D,6,Y,,,,Y,Y,A,01,0,1,1,0,1,0,0,0,0,-,-,,,"CONTRA COSTA",RICHMOND,-122.32653282,37.93326054
2860232,2006,2006-12-18,9370,2006-08-24,1425,013534,,4,2,5,0710,0,1,1,,2,083,"RT 80","RICHMOND PKY",200.00,W,N,B,-,Y,CC,4,80,-,-,6.700,H,-,W,Y,4,0,2,3,A,-,07,21658,A,F,B,C,A,A,H,-,A,D,6,,,,Y,Y,,G,25,0,0,2,0,0,0,0,0,0,-,-,,,"CONTRA COSTA",RICHMOND,-122.31560558,37.9855602
2860270,2006,2007-01-25,9370,2006-09-27,1515,17232,,3,2,5,0710,0,1,1,,2,058,"RT 580","MARINA BAY PKY",174.00,W,N,A,-,Y,CC,4,580,-,R,2.930,R,1,E,Y,4,0,1,2,A,-,08,22107,,N,D,C,A,A,H,-,A,D,1,,,,,Y,,A,01,0,0,1,0,0,0,0,0,0,-,-,,,"CONTRA COSTA",RICHMOND,-122.34661317,37.92173501
2860301,2006,2007-01-18,9370,2006-09-14,1635,017610,,4,2,5,0710,0,1,1,,2,083,"RT 80","SAN PABLO DAM RD",1584.00,E,N,B,-,Y,CC,4,80,-,-,4.640,H,-,E,Y,4,0,1,2,A,-,03,22350,,N,C,C,A,A,H,-,A,D,6,,,,,Y,,D,22,0,0,1,0,0,0,0,0,0,-,-,,,"CONTRA COSTA",RICHMOND,-122.33015856,37.96076679
2860306,2006,2007-02-01,9370,2006-10-18,1650,17232,,3,2,5,0710,0,1,1,,2,058,"RT 580","MARINA BAY PKY",117.00,E,N,A,-,Y,CC,4,580,-,R,2.740,R,2,E,Y,3,0,1,1,A,-,08,22107,,N,E,I,A,A,H,-,A,D,1,,,,,Y,,A,01,0,1,0,0,0,0,0,0,0,FR,-,,,"CONTRA COSTA",RICHMOND,-122.34357317,37.921565
2900784,2006,2006-11-30,9370,2006-09-24,1535,017509,,7,2,5,0710,0,1,1,,2,058,"RT 580","MARINE ST",1290.00,W,N,A,-,Y,CC,4,580,-,-,5.700,H,-,W,Y,1,1,1,3,A,-,08,22107,,N,E,I,A,A,H,-,A,D,1,,Y,,,Y,,A,01,1,0,0,0,0,1,1,0,0,-,-,,,"CONTRA COSTA",RICHMOND,-122.39486318,37.932625
2900808,2006,2007-03-26,9370,2006-11-06,0934,017211,,1,1,5,0710,0,1,1,,2,082,"RT 80","CUTTING BL",1584.00,E,N,A,-,Y,CC,4,80,-,-,2.340,H,-,W,N,4,0,1,2,A,-,03,22350,,N,C,C,A,A,H,-,A,D,6,,,,,Y,,A,01,0,0,1,0,0,0,0,0,0,-,-,,,"CONTRA COSTA",RICHMOND,-122.32402805,37.92965359
2900890,2006,2007-03-27,9370,2006-11-01,1529,17424,,3,2,5,0710,0,1,1,,2,082,"RT 80","CUTTING BL",200.00,E,N,B,-,Y,CC,4,80,-,-,2.110,H,-,E,Y,4,0,1,3,A,-,03,22350,,N,C,C,A,A,-,-,A,D,6,,,,,Y,,A,07,0,0,1,0,0,0,0,0,0,-,-,,,"CONTRA COSTA",RICHMOND,-122.32251818,37.92812028
2900920,2006,2007-03-27,9370,2006-10-07,2140,017805,,6,2,5,0710,0,1,1,,2,082,"RT 80","CARLSON BL",1000.00,E,N,A,-,Y,CC,4,80,-,-,1.220,H,-,W,Y,4,0,1,2,A,-,07,21658,A,N,B,C,A,A,H,-,C,D,6,,,,,Y,,A,01,0,0,1,0,0,0,0,0,0,-,-,,,"CONTRA COSTA",RICHMOND,-122.31758316,37.91466699
2900969,2006,2007-03-29,9370,2006-10-08,1833,017907,,7,2,5,0710,0,1,1,,2,058,"RT 580","MARINA BAY PKY",600.00,E,N,A,-,Y,CC,4,580,-,R,2.780,H,-,W,Y,3,0,1,1,A,-,08,22107,,N,F,A,A,A,H,-,A,D,1,,,,,Y,,A,01,0,1,0,0,0,0,0,0,0,-,-,,,"CONTRA COSTA",RICHMOND,-122.3459544,37.92191743
2900981,2006,2007-03-28,9370,2006-10-29,0750,12906,,7,1,5,0710,0,1,1,,2,082,"RT 80","CARLSON BL",50.00,W,N,B,-,Y,CC,4,80,-,-,0.990,H,-,W,Y,4,0,1,3,A,-,08,22107,,N,B,C,A,A,H,-,A,D,6,,,,,Y,,A,01,0,0,1,0,0,0,0,0,0,-,-,,,"CONTRA COSTA",RICHMOND,-122.31692316,37.90975501
2901017,2006,2007-03-28,9370,2006-10-18,0745,010970,,3,1,5,0710,0,1,1,,2,082,"RT 80","CENTRAL AV",1056.00,E,N,A,-,Y,CC,4,80,-,-,0.450,H,-,W,Y,3,0,1,2,D,-,00,,,N,F,A,A,A,H,-,A,D,6,,,Y,,Y,,-,-,0,1,0,0,0,0,0,0,1,-,-,,,"CONTRA COSTA",RICHMOND,-122.31308094,37.90399749
2901023,2006,2007-03-15,9370,2006-10-21,2229,017690,,6,3,5,0710,0,1,1,,2,082,"RT 80","CARLSON BL",528.00,E,N,A,-,Y,CC,4,80,-,-,1.130,H,-,E,Y,3,0,2,1,A,-,08,22107,,N,E,I,A,A,H,-,C,D,6,,,,,Y,,A,01,0,1,1,0,0,0,0,0,0,-,-,,,"CONTRA COSTA",RICHMOND,-122.31739241,37.91501158
2926743,2006,2007-04-20,9370,2006-10-04,1505,017822,,3,2,5,0710,0,1,1,,2,058,"RT 580","MARINA BAY PKY",200.00,E,N,B,C,Y,CC,4,580,-,R,2.728,R,2,W,Y,2,0,1,1,A,-,08,22107,,F,F,A,A,B,H,-,A,D,1,,,,,Y,,A,07,1,0,0,0,0,0,0,0,0,TO,-,,,"CONTRA COSTA",RICHMOND,-122.34346317,37.921815
2926758,2006,2007-01-17,9370,2006-09-13,1830,013534,,3,2,5,0710,0,1,1,,2,082,"RT 80","POTRERO AV",650.00,W,N,A,-,Y,CC,4,80,-,-,1.550,H,-,E,N,3,0,1,3,A,-,03,22350,,N,C,C,A,A,H,-,A,D,6,,,,,Y,,A,07,0,1,0,0,0,0,0,0,0,-,-,,,"CONTRA COSTA",RICHMOND,-122.31735992,37.91760509
2926771,2006,2007-03-28,9370,2006-10-03,0920,010663,,2,1,5,0710,0,1,1,,2,083,"RT 80","HILLTOP DR",446.00,E,N,B,-,Y,CC,4,80,-,-,6.070,H,-,W,Y,4,0,1,3,A,-,03,22350,,N,C,C,A,A,H,-,A,D,6,,,,,Y,,A,08,0,0,1,0,0,0,0,0,0,-,-,,,"CONTRA COSTA",RICHMOND,-122.31812409,37.97729463
2926786,2006,2007-03-28,9370,2006-10-16,0815,012484,,1,1,5,0710,0,1,1,,2,058,"RT 580","MARINA BAY PKY",15.00,W,N,B,C,Y,CC,4,580,-,R,2.900,H,-,E,Y,3,0,1,3,A,-,08,22107,,N,D,C,A,B,H,-,-,D,1,,,,Y,Y,,A,01,0,1,0,0,0,0,0,0,0,-,-,,,"CONTRA COSTA",RICHMOND,-122.34613182,37.9217175
2926819,2006,2007-02-22,9370,2006-11-05,1000,017805,,7,1,5,0710,0,1,1,,2,058,"RT 580","CASTRO ST",500.00,E,N,A,-,Y,CC,4,580,-,R,5.020,H,-,W,Y,4,0,1,1,A,-,08,22107,,N,E,I,A,A,H,-,A,D,1,,,,,Y,,A,01,0,0,1,0,0,0,0,0,0,-,-,,,"CONTRA COSTA",RICHMOND,-122.38303254,37.92828705
2926841,2006,2007-02-16,9370,2006-11-09,0740,010970,,4,1,5,0710,0,1,1,,2,058,"RT 580","CANAL BL",2112.00,E,N,A,-,Y,CC,4,580,-,R,4.240,H,-,W,Y,3,0,1,2,A,-,03,22350,,N,C,C,A,A,H,-,A,D,1,,,Y,,Y,,C,02,0,1,0,0,0,0,0,0,1,-,-,,,"CONTRA COSTA",RICHMOND,-122.37003317,37.927305
2926872,2006,2007-02-24,9370,2006-11-02,1315,010970,,4,1,5,0710,0,1,1,,2,083,"RT 80","HILLTOP DR",198.00,W,N,C,-,Y,CC,4,80,-,-,5.940,H,-,E,Y,4,0,3,3,A,-,03,22350,,N,D,C,A,B,H,-,A,D,6,,,,,Y,,A,01,0,0,3,0,0,0,0,0,0,-,-,,,"CONTRA COSTA",RICHMOND,-122.31823188,37.97660851
2926878,2006,2007-02-22,9370,2006-11-06,1125,12906,,1,1,5,0710,0,1,1,,2,058,"RT 580","BAYVIEW AV",150.00,W,N,A,-,Y,CC,4,580,-,-,1.430,H,-,E,Y,3,0,1,2,A,-,07,21658,A,N,B,C,A,A,H,-,A,D,1,,,,,Y,,A,01,0,1,0,0,0,0,0,0,0,-,-,,,"CONTRA COSTA",RICHMOND,-122.32694941,37.91537593
2928632,2006,2007-03-15,9370,2006-10-22,1350,017907,,7,1,5,0710,0,1,1,,2,083,"RT 80","RICHMOND PKY",300.00,E,N,A,-,Y,CC,4,80,-,-,6.856,R,2,W,N,3,0,1,2,A,-,08,22107,,F,G,B,E,A,H,-,A,D,6,Y,,,,Y,,-,99,0,1,0,0,1,0,0,0,0,TO,-,,,"CONTRA COSTA",RICHMOND,-122.31148317,37.99008501
2930169,2006,2007-02-26,9370,2006-11-02,1228,010970,,4,1,5,0710,0,1,1,,2,058,"RT 580",TP,50.00,E,N,C,-,Y,CC,4,580,-,-,6.120,H,-,W,Y,4,0,1,2,A,-,07,21658,A,N,C,C,A,B,H,-,A,A,1,,,,,Y,,A,01,0,0,1,0,0,0,0,0,0,-,-,,,"CONTRA COSTA",RICHMOND,-122.40509323,37.93255158
2932632,2006,2007-02-21,9370,2006-11-09,1412,17509,,4,2,5,0710,0,1,1,,2,083,"RT 80","RICHMOND PKY",528.00,W,N,A,-,Y,CC,4,80,-,-,6.630,H,-,W,Y,4,0,2,1,A,-,08,22107,,M,E,I,A,A,H,-,A,D,6,,,,,Y,,A,01,0,0,2,0,0,0,0,0,0,-,-,,,"CONTRA COSTA",RICHMOND,-122.31598422,37.98464638
2932639,2006,2007-03-15,9370,2006-10-31,1825,014822,,2,2,5,0710,0,1,1,,2,082,"RT 80","SOLANO AV",550.00,W,N,A,-,Y,CC,4,80,-,-,3.310,H,-,E,Y,4,0,3,3,A,-,03,22350,,N,C,C,A,A,H,-,C,D,6,,,,,Y,,A,01,0,0,3,0,0,0,0,0,0,-,-,,,"CONTRA COSTA",RICHMOND,-122.32421668,37.94092512
2932689,2006,2007-02-21,9370,2006-11-07,1430,013534,,2,2,5,0710,0,1,1,,2,083,"RT 80","HILLTOP DR",1.00,E,N,A,-,Y,CC,4,80,-,-,5.990,H,-,E,N,4,0,1,2,A,-,04,21703,,N,C,C,A,A,H,-,A,D,6,,,,,Y,,D,22,0,0,1,0,0,0,0,0,0,-,-,,,"CONTRA COSTA",RICHMOND,-122.31791836,37.97751478
2933403,2006,2007-03-28,9370,2006-10-25,1400,018192,,3,2,5,0710,0,1,1,,2,082,"RT 80","MCDONALD AV",528.00,W,N,A,-,Y,CC,4,80,-,-,2.520,H,-,E,Y,3,0,1,5,A,-,04,21703,,F,C,C,A,A,H,-,A,D,6,,,,,Y,,A,01,0,1,0,0,0,0,0,0,0,-,-,,,"CONTRA COSTA",RICHMOND,-122.32411583,37.9301922
2933516,2006,2007-03-06,9370,2006-11-14,0915,016446,,2,1,5,0710,0,1,1,,2,058,"RT 580","CENTRAL AV",1056.00,W,N,A,-,Y,CC,4,580,-,-,0.440,H,-,E,Y,4,0,1,2,A,-,03,22350,,N,C,C,A,A,H,-,A,D,1,,,,,Y,,D,22,0,0,1,0,0,0,0,0,0,-,-,,,"CONTRA COSTA",RICHMOND,-122.31644745,37.90286629
2933590,2006,2007-03-08,9370,2006-11-11,0840,016446,,6,1,5,0710,0,1,1,,2,058,"RT 580","MARINA BAY PKY",60.00,W,N,B,-,Y,CC,4,580,-,R,2.950,H,-,E,Y,4,0,2,3,A,-,08,22107,,N,D,C,A,B,H,-,A,D,1,,,,,Y,,A,01,0,0,2,0,0,0,0,0,0,-,-,,,"CONTRA COSTA",RICHMOND,-122.34739757,37.92173596
2938825,2006,2007-03-08,9370,2006-11-26,1405,16663,,7,2,5,0710,0,1,1,,2,058,"RT 580","MARINA WY",100.00,E,N,C,-,Y,CC,4,580,-,R,2.870,H,-,E,Y,4,0,3,3,A,-,08,22107,,F,B,C,A,B,H,-,A,D,1,,,,,Y,,A,01,0,0,3,0,0,0,0,0,0,-,-,,,"CONTRA COSTA",RICHMOND,-122.34565226,37.92169049
2981325,2006,2007-04-23,9370,2006-12-16,1322,016446,,6,1,5,0710,0,1,1,,2,082,"RT 80","CARLSON BL",528.00,E,N,A,-,Y,CC,4,80,-,-,1.130,H,-,W,Y,4,0,1,3,A,-,03,22350,,N,C,C,A,A,H,-,A,D,6,,,,,Y,,A,01,0,0,1,0,0,0,0,0,0,-,-,,,"CONTRA COSTA",RICHMOND,-122.31756147,37.91307542
2981691,2006,2007-03-28,9370,2006-10-09,0126,017690,,1,3,5,0710,0,1,1,,2,082,"RT 80","CARLSON BL",400.00,E,N,A,-,Y,CC,4,80,-,-,1.110,H,-,W,Y,4,0,2,2,A,-,07,21658,A,F,B,C,A,A,H,-,D,D,6,,,,,Y,,-,99,0,0,2,0,0,0,0,0,0,-,-,,,"CONTRA COSTA",RICHMOND,-122.31755127,37.91259583
3012491,2006,2007-02-28,9370,2006-12-22,0925,18277,,5,1,5,0710,0,1,1,,2,058,"RT 580","CHEVRON WY",337.00,E,N,A,-,Y,CC,4,580,-,R,4.776,R,2,E,Y,3,0,1,1,A,-,08,22107,,N,F,A,A,A,H,-,A,D,1,,,,Y,Y,,G,25,0,1,0,0,0,0,0,0,0,FR,-,,,"CONTRA COSTA",RICHMOND,-122.38071138,37.92741558
3012528,2006,2007-03-01,9370,2006-12-05,0710,012484,,2,1,5,0710,0,1,1,,2,058,"RT 580","WESTERN DR",528.00,E,N,A,-,Y,CC,4,580,-,-,5.910,H,-,W,N,4,0,1,2,A,-,03,22350,,N,C,C,A,A,H,-,A,D,1,,,,,Y,,A,01,0,0,1,0,0,0,0,0,0,-,-,,,"CONTRA COSTA",RICHMOND,-122.39842893,37.93233767
3012538,2006,2007-03-06,9370,2006-11-23,1525,17810,,4,2,5,0710,0,1,1,,2,083,"RT 80","EL PORTAL DR",500.00,E,N,A,-,Y,CC,4,80,-,-,5.370,H,-,E,Y,3,0,3,2,A,-,07,21658,A,N,B,C,A,A,H,-,A,D,6,,,,,Y,,A,01,0,3,0,0,0,0,0,0,0,-,-,,,"CONTRA COSTA",RICHMOND,-122.32091522,37.96869838
3012540,2006,2007-02-28,9370,2006-12-05,1540,14464,,2,2,5,0710,0,1,1,,2,082,"RT 80","CARLSON BL",10.00,E,N,A,-,Y,CC,4,80,-,-,1.040,H,-,E,Y,4,0,1,3,A,-,03,22350,,N,C,C,A,A,H,-,A,D,6,,,,,Y,,D,22,0,0,1,0,0,0,0,0,0,-,-,,,"CONTRA COSTA",RICHMOND,-122.31740833,37.91284709
3012617,2006,2007-02-28,9370,2006-12-22,1558,17810,,5,2,5,0710,0,1,1,,2,083,"RT 80","HILLTOP DR",100.00,E,N,A,-,Y,CC,4,80,-,-,6.000,H,-,E,N,4,0,1,3,A,-,03,22350,,N,C,C,A,A,H,-,A,D,6,,,,,Y,,D,22,0,0,1,0,0,0,0,0,0,-,-,,,"CONTRA COSTA",RICHMOND,-122.31786934,37.97767557
3012645,2006,2007-02-22,9370,2006-10-24,1450,16663,,2,2,5,0710,0,1,1,,2,083,"RT 80","HILLTOP DR",380.00,W,N,A,-,Y,CC,4,80,-,-,5.920,H,-,E,Y,3,0,6,4,A,-,03,22350,,N,C,C,A,A,H,-,A,D,6,,,,,Y,,D,22,0,2,4,0,0,0,0,0,0,-,-,,,"CONTRA COSTA",RICHMOND,-122.3184171,37.97607368
3013944,2006,2007-05-08,9370,2006-12-31,1502,17810,,7,2,5,0710,0,1,1,,2,082,"RT 80","SOLANO AV",200.00,W,N,A,-,Y,CC,4,80,-,-,3.390,H,-,W,Y,3,0,6,2,A,-,08,22107,,N,B,C,A,A,H,-,A,D,6,,,,,Y,,A,01,0,2,4,0,0,0,0,0,0,-,-,,,"CONTRA COSTA",RICHMOND,-122.3238849,37.94276165