CASE_ID,ACCIDENT_YEAR,PROC_DATE,JURIS,COLLISION_DATE,COLLISION_TIME,OFFICER_ID,REPORTING_DISTRICT,DAY_OF_WEEK,CHP_SHIFT,POPULATION,CNTY_CITY_LOC,SPECIAL_COND,BEAT_TYPE,CHP_BEAT_TYPE,CITY_DIVISION_LAPD,CHP_BEAT_CLASS,BEAT_NUMBER,PRIMARY_RD,SECONDARY_RD,DISTANCE,DIRECTION,INTERSECTION,WEATHER_1,WEATHER_2,STATE_HWY_IND,CALTRANS_COUNTY,CALTRANS_DISTRICT,STATE_ROUTE,ROUTE_SUFFIX,POSTMILE_PREFIX,POSTMILE,LOCATION_TYPE,RAMP_INTERSECTION,SIDE_OF_HWY,TOW_AWAY,COLLISION_SEVERITY,NUMBER_KILLED,NUMBER_INJURED,PARTY_COUNT,PRIMARY_COLL_FACTOR,PCF_CODE_OF_VIOL,PCF_VIOL_CATEGORY,PCF_VIOLATION,PCF_VIOL_SUBSECTION,HIT_AND_RUN,TYPE_OF_COLLISION,MVIW,PED_ACTION,ROAD_SURFACE,ROAD_COND_1,ROAD_COND_2,LIGHTING,CONTROL_DEVICE,CHP_ROAD_TYPE,PEDESTRIAN_ACCIDENT,BICYCLE_ACCIDENT,MOTORCYCLE_ACCIDENT,TRUCK_ACCIDENT,NOT_PRIVATE_PROPERTY,ALCOHOL_INVOLVED,STWD_VEHTYPE_AT_FAULT,CHP_VEHTYPE_AT_FAULT,COUNT_SEVERE_INJ,COUNT_VISIBLE_INJ,COUNT_COMPLAINT_PAIN,COUNT_PED_KILLED,COUNT_PED_INJURED,COUNT_BICYCLIST_KILLED,COUNT_BICYCLIST_INJURED,COUNT_MC_KILLED,COUNT_MC_INJURED,PRIMARY_RAMP,SECONDARY_RAMP,LATITUDE,LONGITUDE,COUNTY,CITY,POINT_X,POINT_Y
3913280,2008,2009-04-08,9370,2008-08-08,1730,018128,,5,2,5,0710,0,1,1,,2,082,"RT 80","CUTTING BL",400.00,W,N,A,-,Y,CC,4,80,-,-,1.960,H,-,W,Y,4,0,1,3,A,-,03,22350,,M,C,C,A,A,H,-,A,D,6,,,,,Y,,A,08,0,0,1,0,0,0,0,0,0,-,-,,,"CONTRA COSTA",RICHMOND,-122.3204989,37.92464714
3918322,2008,2009-05-15,9370,2008-09-19,1245,18316,,5,1,5,0710,0,1,1,,2,083,"RT 80","HILLTOP DR",1545.00,W,N,F,-,Y,CC,4,80,-,-,5.700,H,-,E,Y,2,0,3,3,A,-,01,23152,A,N,A,C,A,A,H,-,A,A,6,,,,,Y,,A,01,1,1,1,0,0,0,0,0,0,-,-,37.97207,-122.31978,"CONTRA COSTA",RICHMOND,-122.31991793,37.971657
3919124,2008,2009-06-12,9370,2008-10-03,2220,18878,,5,3,5,0710,0,1,1,,2,082,"RT 80","SOLANO AV",320.00,W,N,C,-,Y,CC,4,80,-,-,3.350,H,-,E,Y,4,0,1,1,A,-,08,22107,,N,E,I,A,B,H,-,C,D,6,,,,,Y,,A,01,0,0,1,0,0,0,0,0,0,-,-,37.942,-122.3237,"CONTRA COSTA",RICHMOND,-122.32398906,37.94146272
3919276,2008,2009-04-29,9370,2008-09-25,1530,10663,,4,2,5,0710,0,1,1,,2,082,"RT 80","CUTTING BL",528.00,W,N,B,-,Y,CC,4,80,-,-,1.930,H,-,E,Y,4,0,1,4,A,-,03,22350,,N,C,C,A,A,H,-,A,D,6,,,,,Y,,D,22,0,0,1,0,0,0,0,0,0,-,-,37.92442,-122.31994,"CONTRA COSTA",RICHMOND,-122.32047201,37.92518911
3919345,2008,2009-05-15,9370,2008-09-29,0700,11006,,1,1,5,0710,0,1,1,,2,082,"RT 80","CUTTING BL",708.00,W,N,B,-,Y,CC,4,80,-,-,1.910,H,-,W,Y,3,0,4,2,A,-,04,21703,,N,C,C,A,A,H,-,A,D,6,,,,,Y,,A,07,0,1,3,0,0,0,0,0,0,-,-,37.92368,-122.3197,"CONTRA COSTA",RICHMOND,-122.31987041,37.92378122
3919630,2008,2009-04-01,9370,2008-08-25,0900,18896,,1,1,5,0710,0,1,1,,2,082,"RT 80","CENTRAL AV",940.00,E,N,A,-,Y,CC,4,80,-,-,0.430,H,-,W,Y,3,0,1,2,A,-,07,21658,A,F,B,C,A,A,H,-,A,D,6,,,Y,,Y,,A,01,0,1,0,0,0,0,0,0,1,-,-,,,"CONTRA COSTA",RICHMOND,-122.31300128,37.90387348
3919708,2008,2009-04-08,9370,2008-09-29,0902,14392,,1,1,5,0710,0,1,1,,2,083,"RT 80","RICHMOND PKY",0.00,E,N,A,-,Y,CC,4,80,-,-,6.860,H,-,E,Y,4,0,1,2,A,-,07,21658,A,N,B,C,A,A,H,-,A,D,6,,,Y,,Y,,A,01,0,0,1,0,0,0,0,0,1,-,-,,,"CONTRA COSTA",RICHMOND,-122.31165828,37.98974481
3926099,2008,2009-07-14,0710,2008-11-03,1757,1281,,1,5,5,0710,0,0,0,,0,,"CUTTING BL","RR MP 10.83 MARTINEZ SUBDIVISION",0.00,,Y,A,-,N,,,,,,,,,,Y,1,1,0,1,A,-,12,22451,A,N,H,F,A,A,H,-,C,A,0,,,,,Y,,A,01,0,0,0,0,0,0,0,0,0,-,-,,,"CONTRA COSTA",RICHMOND,0,0
3926101,2008,2008-11-21,0710,2008-10-09,1538,1324,SOUTH,4,5,5,0710,0,0,0,,0,003,"CARLSON BL","HUNTINGTON AV",110.00,N,N,A,-,N,,,,,,,,,,Y,1,1,1,3,A,-,01,23152,A,N,B,C,A,A,H,-,A,D,0,,,,,Y,Y,A,01,0,0,1,0,0,0,0,0,0,-,-,,,"CONTRA COSTA",RICHMOND,-122.30877342,37.90803146
3926403,2008,2009-05-21,0710,2008-10-08,1724,1281,,3,5,5,0710,0,0,0,,0,,"23RD ST","MACDONALD AV",0.00,,Y,A,-,N,,,,,,,,,,N,3,0,1,2,A,-,10,21950,A,F,G,B,B,A,H,-,A,A,0,Y,,,,Y,,A,01,0,1,0,0,1,0,0,0,0,-,-,,,"CONTRA COSTA",RICHMOND,-122.34757317,37.93574524
3926407,2008,2009-05-21,0710,2008-10-08,1814,1119,,3,5,5,0710,0,0,0,,0,,"SAN PABLO DAM RD","MARTIN LN",60.00,W,N,A,-,N,,,,,,,,,,Y,3,0,1,2,A,-,09,21801,A,N,D,C,A,A,H,-,B,D,0,,,Y,,Y,,A,01,0,1,0,0,0,0,0,0,1,-,-,,,"CONTRA COSTA",RICHMOND,-122.29129112,37.96334457
3926411,2008,2009-05-22,0710,2008-10-10,0814,1119,,5,5,5,0710,0,0,0,,0,,"HARBOUR WY","WRIGHT AV",1584.00,S,N,A,-,N,,,,,,,,,,N,4,0,1,2,A,-,03,22350,,N,C,C,A,A,H,-,A,D,0,,,,,Y,,A,01,0,0,1,0,0,0,0,0,0,-,-,,,"CONTRA COSTA",RICHMOND,-122.36011923,37.91684341
3926420,2008,2009-05-22,0710,2008-10-02,1612,1281,,4,5,5,0710,0,0,0,,0,,"HARBOUR WY","FLORIDA AV",0.00,,Y,A,-,N,,,,,,,,,,Y,3,0,4,2,A,-,09,21801,A,N,A,C,A,A,H,-,A,A,0,,,,,Y,,A,01,0,3,1,0,0,0,0,0,0,-,-,,,"CONTRA COSTA",RICHMOND,-122.36008317,37.92944336
3926423,2008,2009-05-28,0710,2008-10-15,0010,1483,"BAY M",3,5,5,0710,0,0,0,,0,007,"SAN PABLO AV","MACDONALD AV",0.00,,Y,A,-,N,,,,,,,,,,N,4,0,1,2,A,-,09,21804,B,N,D,G,A,A,H,-,C,A,0,,Y,,,Y,,L,04,0,0,1,0,0,0,1,0,0,-,-,,,"CONTRA COSTA",RICHMOND,-122.32349317,37.93235397
3926424,2008,2009-05-22,0710,2008-10-02,1133,1119,,4,5,5,0710,0,0,0,,0,,"MACDONALD AV","HARRY ELLS PL",0.00,,Y,A,-,N,,,,,,,,,,Y,4,0,2,2,A,-,12,21453,A,N,D,C,A,A,H,-,A,A,0,,,,,Y,,A,01,0,0,2,0,0,0,0,0,0,-,-,,,"CONTRA COSTA",RICHMOND,0,0
3926427,2008,2009-05-28,0710,2008-10-13,0749,1242,,1,5,5,0710,0,0,0,,0,,"MAINE AV","8TH ST",8.00,E,N,A,-,N,,,,,,,,,,Y,2,0,1,2,A,-,10,21950,A,N,G,B,B,A,H,-,A,A,0,Y,,,,Y,,A,01,1,0,0,0,1,0,0,0,0,-,-,,,"CONTRA COSTA",RICHMOND,-122.36202543,37.92805481
3926447,2008,2009-05-22,0710,2008-10-05,1650,1459,NORTH,7,5,5,0710,0,0,0,,0,007,"MACDONALD AV","37TH ST",0.00,,Y,A,-,N,,,,,,,,,,N,4,0,1,2,A,-,09,21801,A,N,D,C,A,A,H,-,A,A,0,,,,,Y,,-,-,0,0,1,0,0,0,0,0,0,-,-,,,"CONTRA COSTA",RICHMOND,-122.33427317,37.93386459
3926455,2008,2009-05-21,0710,2008-10-08,1826,1281,,3,5,5,0710,0,0,0,,0,,"POTRERO AV","S 41ST ST",0.00,,Y,A,-,N,,,,,,,,,,Y,4,0,3,2,A,-,09,21802,A,N,D,C,A,A,H,-,B,A,0,,,,,Y,,-,-,0,0,3,0,0,0,0,0,0,-,-,,,"CONTRA COSTA",RICHMOND,-122.33097317,37.92139435
3926462,2008,2009-05-28,0710,2008-10-15,1119,1119,,3,5,5,0710,0,0,0,,0,007,"BARRETT AV","37TH ST",0.00,,Y,A,-,N,,,,,,,,,,Y,4,0,2,2,A,-,12,21453,A,N,D,C,A,A,H,-,A,A,0,,,,,Y,,A,01,0,0,2,0,0,0,0,0,0,-,-,,,"CONTRA COSTA",RICHMOND,-122.33367317,37.93653488
3926466,2008,2009-05-28,0710,2008-10-09,1330,348,,4,5,5,0710,0,0,0,,0,,"GROOM DR","ERLA WY",142.00,W,N,A,-,N,,,,,,,,,,N,4,0,1,2,A,-,05,21650,,N,C,E,A,A,H,-,A,D,0,,,,,Y,,-,-,0,0,1,0,0,0,0,0,0,-,-,,,"CONTRA COSTA",RICHMOND,-122.33374596,37.97534561
3927556,2008,2009-05-12,0710,2008-10-04,2230,1380,,6,5,5,0710,0,0,0,,0,,"CUTTING BL","S 49TH ST",15.00,W,N,B,-,N,,,,,,,,,,Y,4,0,2,2,A,-,09,21801,A,N,D,C,A,A,H,-,C,A,0,,,,,Y,,-,-,0,0,2,0,0,0,0,0,0,-,-,,,"CONTRA COSTA",RICHMOND,-122.32366514,37.92545319
3927560,2008,2009-05-12,0710,2008-10-03,1709,1281,,5,5,5,0710,0,0,0,,0,,"MACDONALD AV","16TH ST",168.00,E,N,A,-,N,,,,,,,,,,Y,4,0,3,3,A,-,01,23152,A,N,C,C,A,A,D,-,B,A,0,,,,,Y,Y,A,01,0,0,3,0,0,0,0,0,0,-,-,,,"CONTRA COSTA",RICHMOND,-122.35372047,37.93567657
3927572,2008,2009-05-12,0710,2008-10-01,0902,1242,,3,5,5,0710,0,0,0,,0,,"RICHMOND PKY","PARR BL",65.00,N,N,A,-,N,,,,,,,,,,N,4,0,1,2,A,-,04,21703,,N,C,C,A,A,H,-,A,A,0,,,,,Y,,A,01,0,0,1,0,0,0,0,0,0,-,-,,,"CONTRA COSTA",RICHMOND,-122.37378231,37.96790314
3927592,2008,2009-05-12,0710,2008-10-01,1019,1242,,3,5,5,0710,0,0,0,,0,,"RICHMOND PKY","BLUME DR",70.00,E,N,A,-,N,,,,,,,,,,Y,4,0,1,1,C,-,18,,,N,H,A,A,D,G,-,A,A,0,,,Y,,Y,,-,-,0,0,1,0,0,0,0,0,1,-,-,,,"CONTRA COSTA",RICHMOND,-122.31694584,37.98681259
3929364,2008,2009-04-18,0710,2008-09-28,1943,348,,7,5,5,0710,0,0,0,,0,,"SOUTH 41ST ST","FLORIDA AV",0.00,,Y,A,-,N,,,,,,,,,,Y,2,0,1,2,A,-,12,22450,A,N,D,G,A,A,A,-,-,-,0,,Y,,,Y,Y,L,04,1,0,0,0,0,0,1,0,0,-,-,,,"CONTRA COSTA",RICHMOND,-122.33091317,37.92949677
3929418,2008,2009-04-28,0710,2008-09-17,1857,#1426,SOUTH,3,5,5,0710,0,0,0,,0,002,"CUTTING BL","S 29TH ST",0.00,,Y,A,-,N,,,,,,,,,,N,4,0,3,2,A,-,03,22350,,N,C,C,A,A,H,-,A,A,0,,,,,Y,,-,-,0,0,3,0,0,0,0,0,0,-,-,,,"CONTRA COSTA",RICHMOND,-122.34204317,37.92524338
3929422,2008,2009-04-28,0710,2008-09-19,0939,1119,,5,5,5,0710,0,0,0,,0,,"MARINA BAY","COMMODORE DR",69.00,S,N,A,-,N,,,,,,,,,,N,4,0,1,2,A,-,10,21950,A,N,G,B,B,A,H,-,A,D,0,Y,,,,Y,,A,07,0,0,1,0,1,0,0,0,0,-,-,,,"CONTRA COSTA",RICHMOND,-122.34421625,37.91370392
3929426,2008,2009-04-28,0710,2008-09-21,1710,1351,034,7,5,5,0710,0,0,0,,0,002,"S 26TH ST",FOOTHILL,0.00,,Y,A,-,N,,,,,,,,,,N,3,0,1,2,A,-,12,22450,,N,D,C,A,A,H,-,A,A,0,,,,,Y,,-,-,0,1,0,0,0,0,0,0,0,-,-,,,"CONTRA COSTA",RICHMOND,-122.34472317,37.92455673
3929438,2008,2009-04-28,0710,2008-09-22,1457,348,,1,5,5,0710,0,0,0,,0,,"RHEEM AV","24TH ST",0.00,,Y,A,-,N,,,,,,,,,,N,4,0,1,2,A,-,04,21703,,F,C,C,A,A,H,-,A,D,0,,,,,Y,Y,-,-,0,0,1,0,0,0,0,0,0,-,-,,,"CONTRA COSTA",RICHMOND,-122.34536317,37.9498558
3929441,2008,2009-04-18,0710,2008-09-30,2215,352,CO,2,5,5,0710,0,0,0,,0,,"SAN PABLO AV","RICHMOND PKY",2.00,S,N,A,-,N,,,,,,,,,,N,4,0,2,2,A,-,04,21703,,N,C,C,A,A,H,-,C,A,0,,,,,Y,,-,-,0,0,2,0,0,0,0,0,0,-,-,,,"CONTRA COSTA",RICHMOND,-122.33294735,37.99079132
3929518,2008,2009-04-23,0710,2008-09-22,1538,1119,,1,5,5,0710,0,0,0,,0,,"MACDONALD AV","23RD ST",0.00,,Y,A,-,N,,,,,,,,,,Y,4,0,2,2,A,-,05,21650,,N,A,C,A,A,H,-,A,A,0,,,,,Y,,A,01,0,0,2,0,0,0,0,0,0,-,-,,,"CONTRA COSTA",RICHMOND,-122.34757317,37.93574524
3929533,2008,2009-04-06,0710,2008-09-26,0956,1324,,5,5,5,0710,0,0,0,,0,007,"ROOSEVELT AV","27TH ST",0.00,,Y,A,-,N,,,,,,,,,,Y,3,0,3,2,A,-,05,21650,,N,C,C,A,A,H,-,A,D,0,,,,,Y,,I,11,0,2,1,0,0,0,0,0,0,-,-,,,"CONTRA COSTA",RICHMOND,-122.34199317,37.93929672
3931604,2008,2009-04-10,0710,2008-09-14,1725,1345,,7,5,5,0710,0,0,0,,0,007,"WILSON AV","MACDONALD AV",6.00,S,-,A,-,N,,,,,,,,,,N,3,0,1,2,A,-,05,21202,A,N,A,G,A,A,H,-,A,A,0,,Y,,,Y,,L,04,0,1,0,0,0,0,1,0,0,-,-,,,"CONTRA COSTA",RICHMOND,-122.32467317,37.93248749
3931608,2008,2009-04-10,0710,2008-09-13,2017,1380,,6,5,5,0710,0,0,0,,0,,"CARLSON BL","CARLSON BL 700",25.00,E,N,B,-,N,,,,,,,,,,Y,4,0,1,1,A,-,05,21650,,N,E,I,A,A,H,-,C,D,0,,,,,Y,Y,-,-,0,0,1,0,0,0,0,0,0,-,-,,,"CONTRA COSTA",RICHMOND,-122.3345518,37.92264938
3931694,2008,2009-04-29,0710,2008-09-25,1845,1242,,4,5,5,0710,0,0,0,,0,,"HARBOUR WY","OHIO AV",0.00,,Y,A,-,N,,,,,,,,,,Y,4,0,1,2,A,-,09,21801,A,N,D,C,A,A,H,-,A,A,0,,,,,Y,,A,01,0,0,1,0,0,0,0,0,0,-,-,,,"CONTRA COSTA",RICHMOND,-122.36006317,37.93084335
3931702,2008,2009-04-29,0710,2008-09-22,1537,1119,,1,5,5,0710,0,0,0,,0,,"MACDONALD AV","23RD ST",0.00,,Y,A,-,N,,,,,,,,,,Y,4,0,2,2,A,-,05,21650,,N,A,C,A,A,H,-,A,A,0,,,,,Y,,A,01,0,0,2,0,0,0,0,0,0,-,-,,,"CONTRA COSTA",RICHMOND,-122.34757317,37.93574524
3931704,2008,2009-04-23,0710,2008-09-27,2030,1496,,6,5,5,0710,0,0,0,,0,002,"MARINA WY","OHIO AV",0.00,,Y,A,-,N,,,,,,,,,,N,2,0,1,2,A,-,12,22450,,N,D,G,A,A,H,-,C,D,0,,Y,,,Y,Y,L,04,1,0,0,0,0,0,1,0,0,-,-,,,"CONTRA COSTA",RICHMOND,-122.35601317,37.93080521
3931708,2008,2009-04-23,0710,2008-09-22,0725,1242,,1,5,5,0710,0,0,0,,0,,"PENNSYLVANIA AV","7TH ST",0.00,,Y,A,-,N,,,,,,,,,,Y,2,0,3,3,A,-,12,21453,A,N,D,C,B,A,H,-,A,A,0,Y,,,,Y,,A,07,1,0,2,0,0,0,0,0,0,-,-,,,"CONTRA COSTA",RICHMOND,-122.36262317,37.94259644
3931712,2008,2009-04-23,0710,2008-09-23,1730,1119,,2,5,5,0710,0,0,0,,0,,"BERK AV","47TH ST",108.00,W,N,A,-,N,,,,,,,,,,Y,4,0,1,2,A,-,03,22350,,N,C,E,A,A,H,-,A,D,0,,,,,Y,,A,07,0,0,1,0,0,0,0,0,0,-,-,,,"CONTRA COSTA",RICHMOND,-122.32582762,37.92270279
3931722,2008,2009-04-29,0710,2008-09-14,1825,1119,BAYMU,7,5,5,0710,0,0,0,,0,,"RICHMOND PKY","SAN PABLO AV",0.00,,Y,A,-,N,,,,,,,,,,Y,4,0,1,2,A,-,17,21451,A,N,D,C,A,A,H,-,B,A,0,,,,,Y,,-,-,0,0,1,0,0,0,0,0,0,-,-,,,"CONTRA COSTA",RICHMOND,-122.33294318,37.99079514
3931840,2008,2009-05-12,0710,2008-10-04,2201,1380,,6,5,5,0710,0,0,0,,0,,"CUTTING BL","S 49TH ST",30.00,W,N,B,-,N,,,,,,,,,,Y,4,0,3,2,A,-,09,21801,A,N,D,C,A,A,H,-,C,A,0,,,,,Y,,-,-,0,0,3,0,0,0,0,0,0,-,-,,,"CONTRA COSTA",RICHMOND,-122.32371711,37.92545319
3933669,2008,2009-07-22,9370,2008-11-07,1855,018476,,5,2,5,0710,0,1,1,,2,082,"RT 80","MACDONALD AV",1056.00,W,N,A,-,Y,CC,4,80,-,-,2.420,H,-,E,Y,4,0,1,3,A,-,03,22350,,N,C,C,A,A,H,-,D,D,6,,,,,Y,,D,22,0,0,1,0,0,0,0,0,0,-,-,37.93053,-122.32414,"CONTRA COSTA",RICHMOND,-122.3237809,37.92976397
3938269,2008,2009-07-10,0710,2008-11-08,0326,1380,,6,5,5,0710,0,0,0,,0,,"CUTTING BL","CARLSON BL",0.00,,Y,A,-,N,,,,,,,,,,Y,3,0,4,2,A,-,09,21801,A,N,D,C,A,A,H,-,C,A,0,,,,,Y,,-,-,0,1,3,0,0,0,0,0,0,-,-,,,"CONTRA COSTA",RICHMOND,-122.33822317,37.92524338
3942131,2008,2009-07-08,0710,2008-10-19,2042,E117,0701,7,5,5,0710,0,0,0,,0,003,"SACRAMENTO AV","CARLSON BL",40.00,W,N,A,-,N,,,,,,,,,,Y,3,0,1,2,A,-,01,23152,A,M,C,E,A,A,H,-,C,D,0,,,,,Y,Y,A,01,0,1,0,0,0,0,0,0,0,-,-,,,"CONTRA COSTA",RICHMOND,-122.30789544,37.9064827
3953792,2008,2009-07-10,9370,2008-10-01,0835,10663,,3,1,5,0710,0,1,1,,2,058,"RT 580","CENTRAL AV",1056.00,W,N,B,-,Y,CC,4,580,-,-,0.440,H,-,E,N,4,0,3,3,A,-,03,22350,,N,C,C,A,A,H,-,A,D,1,,,,,Y,,A,01,0,0,3,0,0,0,0,0,0,-,-,,,"CONTRA COSTA",RICHMOND,-122.31644745,37.90286629
3953796,2008,2009-06-11,9370,2008-10-12,0001,18876,,7,3,5,0710,0,1,1,,2,082,"RT 80","CENTRAL AV",1056.00,,N,A,-,Y,CC,4,80,-,-,0.450,H,-,W,Y,4,0,2,1,A,-,08,22107,,N,E,J,A,A,H,-,D,D,6,,,,,Y,,A,01,0,0,2,0,0,0,0,0,0,-,-,37.90316,-122.31265,"CONTRA COSTA",RICHMOND,-122.31308094,37.90399749
3953800,2008,2009-08-26,9370,2008-10-07,0908,16584,,2,1,5,0710,0,1,1,,2,082,"RT 80","MCBRYDE AV",528.00,E,N,A,-,Y,CC,4,80,-,-,3.900,H,-,W,Y,4,0,1,5,A,-,07,21658,A,N,C,C,A,A,H,-,A,D,6,,,,,Y,,A,01,0,0,1,0,0,0,0,0,0,-,-,37.95032,-122.32707,"CONTRA COSTA",RICHMOND,-122.32718293,37.95075152
3956612,2008,2009-08-03,9370,2008-11-12,1116,16584,,3,1,5,0710,0,1,1,,2,082,"RT 80","CUTTING BL",1350.00,W,N,A,-,Y,CC,4,80,-,-,1.780,H,-,W,Y,1,1,0,1,A,-,01,23152,A,N,E,I,A,A,H,-,A,D,6,,,,,Y,Y,A,08,0,0,0,0,0,0,0,0,0,-,-,37.92202,-122.31873,"CONTRA COSTA",RICHMOND,-122.31828009,37.92150963
3972158,2008,2009-07-08,9370,2008-10-22,1830,18424,,3,2,5,0710,0,1,1,,2,082,"RT 80","SACRAMENTO ST",300.00,E,N,A,-,Y,CC,4,80,-,-,0.560,H,-,W,Y,3,0,2,2,A,-,03,22350,,N,C,C,A,A,H,-,B,D,6,,,,,Y,,A,07,0,1,1,0,0,0,0,0,0,-,-,,,"CONTRA COSTA",RICHMOND,-122.31352506,37.90467657
3972649,2008,2009-06-09,9370,2008-10-31,1500,188753,,5,2,5,0710,0,1,1,,2,082,"RT 80","SOLANO AV",300.00,W,N,B,C,Y,CC,4,80,-,-,3.350,H,-,E,Y,4,0,1,2,A,-,03,22350,,N,C,C,A,B,H,-,A,D,6,,,,,Y,,A,07,0,0,1,0,0,0,0,0,0,-,-,37.94016,-122.32439,"CONTRA COSTA",RICHMOND,-122.32398906,37.94146272
3972693,2008,2009-07-10,9370,2008-10-12,1535,18316,,7,2,5,0710,0,1,1,,2,058,"RT 580","CENTRAL AV",528.00,E,N,A,-,Y,CC,4,580,-,-,0.140,H,-,W,Y,4,0,2,2,A,-,03,22350,,N,C,C,A,A,H,-,A,D,0,,,,,Y,Y,A,01,0,0,2,0,0,0,0,0,0,-,-,37.89841,-122.31246,"CONTRA COSTA",RICHMOND,-122.31267179,37.89851135
3972725,2008,2009-08-05,9370,2008-11-07,0910,018575,,5,1,5,0710,0,1,1,,2,082,"RT 80","SACRAMENTO ST",30.00,W,N,A,-,Y,CC,4,80,-,-,0.490,H,-,W,Y,4,0,1,3,A,-,03,22350,,N,C,C,A,A,H,-,A,D,6,,,Y,,Y,,C,02,0,0,1,0,0,0,0,0,1,-,-,37.90419,-122.31333,"CONTRA COSTA",RICHMOND,-122.31324244,37.90424443
3972925,2008,2009-08-21,9370,2008-12-03,1540,18086,,3,2,5,0710,0,1,1,,2,082,"RT 80","CENTRAL AV",528.00,E,N,B,-,Y,CC,4,80,-,-,0.350,H,-,E,N,4,0,1,2,A,-,07,21658,A,N,B,C,A,A,H,-,A,D,6,,,,Y,Y,,-,-,0,0,1,0,0,0,0,0,0,-,-,37.90216,-122.31135,"CONTRA COSTA",RICHMOND,-122.31224316,37.90328501
3972957,2008,2009-06-22,9370,2008-11-19,0540,19194,,3,3,5,0710,0,1,1,,2,082,"RT 80","CARLSON BL",1584.00,W,N,B,-,Y,CC,4,80,-,-,0.700,H,-,E,Y,4,0,1,2,A,-,03,22350,,N,C,C,A,A,H,-,C,D,6,,,,Y,Y,,A,01,0,0,1,0,0,0,0,0,0,-,-,37.90668,-122.31451,"CONTRA COSTA",RICHMOND,-122.31440373,37.90629635
3980893,2008,2009-07-08,0710,2008-10-30,1909,1459,,4,5,5,0710,0,0,0,,0,007,"MACDONALD AV","25TH ST",0.00,,Y,A,-,N,,,,,,,,,,Y,4,0,1,2,A,-,04,21703,,N,C,C,A,B,H,-,C,D,0,,,,,Y,,-,-,0,0,1,0,0,0,0,0,0,-,-,,,"CONTRA COSTA",RICHMOND,-122.34548317,37.93546677
3980901,2008,2009-07-08,0710,2008-10-29,1846,1119,,3,5,5,0710,0,0,0,,0,009,"HIDDEN SPRINGS CT","ROCK RD",528.00,N,N,A,-,N,,,,,,,,,,N,3,0,1,2,A,-,21,22106,,N,G,B,F,A,H,-,C,D,0,Y,,,,Y,,A,01,0,1,0,0,1,0,0,0,0,-,-,,,"CONTRA COSTA",RICHMOND,0,0
3980905,2008,2009-07-08,0710,2008-10-29,1549,1119,,3,5,5,0710,0,0,0,,0,008,"ROBERT H MILLER","HILLTOP DR",0.00,,Y,A,-,N,,,,,,,,,,Y,3,0,2,3,A,-,12,21453,A,N,D,C,A,A,H,-,A,A,0,,,,,Y,,A,01,0,1,1,0,0,0,0,0,0,-,-,,,"CONTRA COSTA",RICHMOND,-122.33315317,37.97837448
3980913,2008,2009-07-08,0710,2008-10-28,1256,1242,,2,5,5,0710,0,0,0,,0,,"CENTRAL AV","RYDIN RD",33.00,E,N,A,-,N,,,,,,,,,,Y,3,0,2,2,A,-,03,22350,,N,C,C,A,A,H,-,A,A,0,,,,,Y,,A,01,0,1,1,0,0,0,0,0,0,-,-,,,"CONTRA COSTA",RICHMOND,-122.3180605,37.90131378
3980917,2008,2009-07-08,0710,2008-10-22,0013,1323,,3,5,5,0710,0,0,0,,0,006,"4TH ST","4TH ST 400",0.00,,-,A,-,N,,,,,,,,,,N,3,0,1,2,-,-,-,,,F,G,B,D,A,H,-,C,D,0,Y,,,,Y,,-,-,0,1,0,0,1,0,0,0,0,-,-,,,"CONTRA COSTA",RICHMOND,-121.71053338,37.99567032
3981118,2008,2009-05-05,0710,2008-10-31,2039,1281,,5,5,5,0710,0,0,0,,0,,"CARLSON BL","PLUMAS AV",0.00,,Y,B,-,N,,,,,,,,,,Y,4,0,1,3,A,-,03,22350,,N,C,C,A,B,H,-,C,D,0,,,,,Y,,J,48,0,0,1,0,0,0,0,0,0,-,-,,,"CONTRA COSTA",RICHMOND,-122.31047316,37.9093132
3981424,2008,2009-05-20,0710,2008-10-22,1729,1281,,3,5,5,0710,0,0,0,,0,,"CENTRAL AV","RYDIN RD",48.00,W,N,A,-,N,,,,,,,,,,N,3,0,1,2,A,-,05,21650,1,N,H,G,A,A,H,-,A,D,0,,Y,,,Y,,L,04,0,1,0,0,0,0,1,0,0,-,-,,,"CONTRA COSTA",RICHMOND,-122.31806383,37.90127182
3981432,2008,2009-05-20,0710,2008-10-27,1722,1119,,1,5,5,0710,0,0,0,,0,007,"SOLANO AV","VENTURA AV",0.00,,Y,A,-,N,,,,,,,,,,Y,3,0,4,2,A,-,12,22450,A,N,D,C,A,A,H,-,B,A,0,,,,,Y,Y,A,01,0,4,0,0,0,0,0,0,0,-,-,,,"CONTRA COSTA",RICHMOND,-122.32529317,37.94297409
3981436,2008,2009-05-16,0710,2008-10-23,0900,1242,,4,5,5,0710,0,0,0,,0,,"8TH ST","HAWTHORNE AV",0.00,,Y,A,-,N,,,,,,,,,,N,4,0,1,2,A,-,09,21801,A,F,D,C,A,A,H,-,A,A,0,,,,,Y,,A,01,0,0,1,0,0,0,0,0,0,-,-,,,"CONTRA COSTA",RICHMOND,-122.36185317,37.93920517