CASE_ID,ACCIDENT_YEAR,PROC_DATE,JURIS,COLLISION_DATE,COLLISION_TIME,OFFICER_ID,REPORTING_DISTRICT,DAY_OF_WEEK,CHP_SHIFT,POPULATION,CNTY_CITY_LOC,SPECIAL_COND,BEAT_TYPE,CHP_BEAT_TYPE,CITY_DIVISION_LAPD,CHP_BEAT_CLASS,BEAT_NUMBER,PRIMARY_RD,SECONDARY_RD,DISTANCE,DIRECTION,INTERSECTION,WEATHER_1,WEATHER_2,STATE_HWY_IND,CALTRANS_COUNTY,CALTRANS_DISTRICT,STATE_ROUTE,ROUTE_SUFFIX,POSTMILE_PREFIX,POSTMILE,LOCATION_TYPE,RAMP_INTERSECTION,SIDE_OF_HWY,TOW_AWAY,COLLISION_SEVERITY,NUMBER_KILLED,NUMBER_INJURED,PARTY_COUNT,PRIMARY_COLL_FACTOR,PCF_CODE_OF_VIOL,PCF_VIOL_CATEGORY,PCF_VIOLATION,PCF_VIOL_SUBSECTION,HIT_AND_RUN,TYPE_OF_COLLISION,MVIW,PED_ACTION,ROAD_SURFACE,ROAD_COND_1,ROAD_COND_2,LIGHTING,CONTROL_DEVICE,CHP_ROAD_TYPE,PEDESTRIAN_ACCIDENT,BICYCLE_ACCIDENT,MOTORCYCLE_ACCIDENT,TRUCK_ACCIDENT,NOT_PRIVATE_PROPERTY,ALCOHOL_INVOLVED,STWD_VEHTYPE_AT_FAULT,CHP_VEHTYPE_AT_FAULT,COUNT_SEVERE_INJ,COUNT_VISIBLE_INJ,COUNT_COMPLAINT_PAIN,COUNT_PED_KILLED,COUNT_PED_INJURED,COUNT_BICYCLIST_KILLED,COUNT_BICYCLIST_INJURED,COUNT_MC_KILLED,COUNT_MC_INJURED,PRIMARY_RAMP,SECONDARY_RAMP,LATITUDE,LONGITUDE,COUNTY,CITY,POINT_X,POINT_Y
4312740,2009,2010-03-18,9350,2009-06-18,0810,18828,,4,1,5,0710,0,1,1,,2,115,"RT 580","MAIN ST",16368.00,E,N,A,-,Y,CC,4,580,-,-,7.320,H,-,W,Y,3,0,1,4,A,-,03,22350,,M,C,C,A,A,H,-,A,D,1,,,,,Y,,A,01,0,1,0,0,0,0,0,0,0,-,-,37.9338,-122.42476,"CONTRA COSTA",RICHMOND,-122.42578559,37.93369098
4323595,2009,2010-04-19,0710,2009-07-16,0129,1324,NORTH,4,5,5,0710,0,0,0,,0,007,"23RD ST","BISSELL AV",0.00,,Y,A,-,N,,,,,,,,,,Y,2,0,1,2,A,-,01,23140,A,N,D,C,A,A,H,-,C,A,0,,,,,Y,Y,A,08,1,0,0,0,0,0,0,0,0,-,-,,,"CONTRA COSTA",RICHMOND,-122.3486,37.93414
4323773,2009,2010-04-14,0710,2009-07-10,1510,1386,,5,5,5,0710,0,0,0,,0,002,"CUTTING BL","SOUTH 22ND",65.00,E,N,A,-,N,,,,,,,,,,N,3,0,1,2,A,-,04,21703,,N,C,C,A,A,H,-,A,D,0,,,Y,,Y,,C,02,0,1,0,0,0,0,0,0,1,-,-,,,"CONTRA COSTA",RICHMOND,-122.3483878,37.92520751
4323789,2009,2010-04-14,0710,2009-07-08,1645,1505,NORTH,3,5,5,0710,0,0,0,,0,008,"RICHMOND PKY","HILLTOP DR",2112.00,W,N,A,-,N,,,,,,,,,,Y,3,0,1,2,A,-,08,22107,,F,C,C,A,A,H,-,A,D,0,,,,,Y,Y,D,,0,1,0,0,0,0,0,0,0,-,-,,,"CONTRA COSTA",RICHMOND,0,0
4323801,2009,2010-04-14,0710,2009-07-11,1435,1386,,6,5,5,0710,0,0,0,,0,001,"HARBOUR WY S","HOFFMAN BL",0.00,,Y,A,-,N,,,,,,,,,,Y,3,0,2,2,D,-,00,,,N,D,C,A,A,H,-,A,A,0,,,,,Y,,-,-,0,1,1,0,0,0,0,0,0,-,-,,,"CONTRA COSTA",RICHMOND,-122.3601,37.92256
4323841,2009,2010-03-29,0710,2009-07-01,1842,1119,,3,5,5,0710,0,0,0,,0,006,"4TH ST","MACDONALD AV",15.00,N,N,A,-,N,,,,,,,,,,N,4,0,1,2,A,-,10,21950,A,N,G,B,B,A,H,-,A,A,0,Y,,,,Y,,A,01,0,0,1,0,1,0,0,0,0,-,-,,,"CONTRA COSTA",RICHMOND,-122.3657028,37.93575621
4323845,2009,2010-03-29,0710,2009-07-23,2139,1537,,4,5,5,0710,0,0,0,,0,006,"CHANSLOR AV","3RD ST",4.00,E,N,A,-,N,,,,,,,,,,N,4,0,1,2,A,-,03,22350,,F,G,B,D,A,H,-,C,D,0,Y,,,,Y,,-,-,0,0,1,0,1,0,0,0,0,-,-,,,"CONTRA COSTA",RICHMOND,-122.3666893,37.932485
4323849,2009,2010-03-29,0710,2009-07-21,2130,1505,,2,5,5,0710,0,0,0,,0,008,"HILLTOP DR","SAN PABLO AV",0.00,,Y,A,-,N,,,,,,,,,,Y,3,0,3,2,A,-,01,23153,A,N,D,C,A,A,H,-,C,A,0,,,,,Y,,A,07,0,1,2,0,0,0,0,0,0,-,-,,,"CONTRA COSTA",RICHMOND,-122.33545,37.98595
4323861,2009,2010-03-29,0710,2009-07-26,1419,1327,,7,5,5,0710,0,0,0,,0,004,"22ND ST",ROOSEVELT,0.00,,Y,A,-,N,,,,,,,,,,N,4,0,2,2,A,-,04,21703,,N,C,C,A,A,H,-,A,A,0,,,,,Y,,-,-,0,0,2,0,0,0,0,0,0,-,-,,,"CONTRA COSTA",RICHMOND,-122.34854,37.93998
4323865,2009,2010-03-29,0710,2009-07-26,0912,1519,CENTR,7,5,5,0710,0,0,0,,0,005,"BISSELL AV","9TH ST",0.00,,Y,A,-,N,,,,,,,,,,N,4,0,1,2,A,-,05,21752,D,F,D,C,A,A,H,-,A,D,0,,,,,Y,Y,-,-,0,0,1,0,0,0,0,0,0,-,-,,,"CONTRA COSTA",RICHMOND,-122.36094,37.9341
4323901,2009,2010-03-29,0710,2009-07-02,1331,1119,,4,5,5,0710,0,0,0,,0,008,"BLUME DR","RICHMOND PKY",57.00,S,N,A,-,N,,,,,,,,,,N,4,0,1,2,A,-,04,21703,,N,C,C,A,A,H,-,A,A,0,,,,,Y,,A,01,0,0,1,0,0,0,0,0,0,-,-,,,"CONTRA COSTA",RICHMOND,-122.3172564,37.98673297
4323909,2009,2010-03-29,0710,2009-07-03,1326,4323909,07030,5,5,5,0710,0,0,0,,0,1326,"COLUMBIA AV","SANTA CLARA ST",0.00,,Y,A,-,N,,,,,,,,,,Y,4,0,1,2,A,-,09,21802,A,N,D,C,A,A,H,-,A,A,0,,,,,Y,,A,01,0,0,1,0,0,0,0,0,0,-,-,,,"CONTRA COSTA",RICHMOND,-122.30876,37.90453
4324006,2009,2010-02-10,0710,2009-06-14,1409,1472,SOUTH,7,5,5,0710,0,0,0,,0,003,"CENTER AV","39TH STREET",0.00,,Y,A,-,N,,,,,,,,,,N,4,0,4,2,A,-,09,21800,A,N,D,C,A,A,H,-,A,D,0,,,,,Y,,A,01,0,0,4,0,0,0,0,0,0,-,-,,,"CONTRA COSTA",RICHMOND,-122.33286,37.93019
4324013,2009,2010-02-10,0710,2009-06-26,0039,1323,CENTR,5,5,5,0710,0,0,0,,0,004,"PENNSYLVANIA AV","17TH ST",0.00,,Y,B,-,N,,,,,,,,,,Y,3,0,1,2,A,-,01,23152,,N,A,E,A,A,H,-,C,D,0,,,,,Y,Y,-,-,0,1,0,0,0,0,0,0,0,-,-,,,"CONTRA COSTA",RICHMOND,-122.35382,37.9421
4324014,2009,2010-02-10,0710,2009-06-15,2041,1523,,1,5,5,0710,0,0,0,,0,004,"BARRETT AV","18TH ST",0.00,,Y,A,-,N,,,,,,,,,,Y,4,0,1,2,A,-,09,21801,A,N,B,C,A,A,H,-,C,D,0,,,,,Y,,-,-,0,0,1,0,0,0,0,0,0,-,-,,,"CONTRA COSTA",RICHMOND,-122.35252,37.93845
4324018,2009,2010-02-10,0710,2009-06-14,0951,1541,,7,5,5,0710,0,0,0,,0,006,"BARRETT AV","4TH ST",0.00,,Y,B,-,N,,,,,,,,,,N,4,0,1,2,A,-,08,22108,,N,D,C,A,A,H,-,A,A,0,,,,,Y,,-,-,0,0,1,0,0,0,0,0,0,-,-,,,"CONTRA COSTA",RICHMOND,-122.36579,37.93841
4324021,2009,2010-02-10,0710,2009-06-29,1530,1119,,1,5,5,0710,0,0,0,,0,007,"BARRETT AV","27TH ST",99.00,W,N,A,-,N,,,,,,,,,,Y,4,0,1,2,A,-,03,22350,,N,C,C,A,A,H,-,A,A,0,,,,,Y,,A,01,0,0,1,0,0,0,0,0,0,-,-,,,"CONTRA COSTA",RICHMOND,-122.3426703,37.93777657
4324022,2009,2010-02-10,0710,2009-06-12,1255,1119,,5,5,5,0710,0,0,0,,0,003,"CARLSON BL","COLUMBIA AV",33.00,W,N,B,-,N,,,,,,,,,,Y,3,0,3,2,A,-,03,22350,,N,C,C,A,A,H,-,A,D,0,,,,,Y,,A,07,0,2,1,0,0,0,0,0,0,-,-,,,"CONTRA COSTA",RICHMOND,-122.3070063,37.9053953
4324026,2009,2010-02-10,0710,2009-06-19,1736,1386,,5,5,5,0710,0,0,0,,0,007,"SIERRA AV","KERN ST",84.00,E,N,A,-,N,,,,,,,,,,Y,3,0,1,2,A,-,01,23152,A,N,C,E,A,A,H,-,A,D,0,,,,,Y,Y,D,22,0,1,0,0,0,0,0,0,0,-,-,,,"CONTRA COSTA",RICHMOND,-122.3203782,37.94057138
4324029,2009,2010-02-10,0710,2009-06-16,1745,1402,,2,5,5,0710,0,0,0,,0,006,"HARBOUR WAY","NEVIN AV",0.00,,Y,A,-,N,,,,,,,,,,Y,4,0,1,2,A,-,09,21801,A,N,D,C,A,A,H,-,A,A,0,,,,,Y,,-,-,0,0,1,0,0,0,0,0,0,-,-,,,"CONTRA COSTA",RICHMOND,-122.36003,37.93683
4324030,2009,2010-02-10,0710,2009-06-12,1614,1386,,5,5,5,0710,0,0,0,,0,007,"23RD ST","DUNN AV",6.00,N,N,A,-,N,,,,,,,,,,N,4,0,3,2,A,-,03,22350,,N,C,C,A,A,H,-,A,D,0,,,,,Y,,A,01,0,0,3,0,0,0,0,0,0,-,-,,,"CONTRA COSTA",RICHMOND,-122.3474627,37.94886149
4324038,2009,2010-02-10,0710,2009-06-16,1244,1324,NORTH,2,5,5,0710,0,0,0,,0,,"GROOM DR","BELFAST WY",109.00,W,N,B,-,N,,,,,,,,,,N,4,0,1,2,A,-,11,21955,,N,G,B,D,A,C,-,A,D,0,Y,,,,Y,,N,60,0,0,1,0,1,0,0,0,0,-,-,,,"CONTRA COSTA",RICHMOND,-122.3349757,37.975068
4324042,2009,2010-02-10,0710,2009-06-12,1620,1324,NORTH,5,5,5,0710,0,0,0,,0,007,"SAN PABLO AV","NEVIN AV",0.00,,Y,A,-,N,,,,,,,,,,N,4,0,1,2,A,-,05,21650,1,N,D,G,A,A,C,-,A,D,0,,Y,,,Y,,L,04,0,0,1,0,0,0,1,0,0,-,-,,,"CONTRA COSTA",RICHMOND,-122.32433,37.93363
4324057,2009,2010-02-10,0710,2009-06-24,1745,1402,,3,5,5,0710,0,0,0,,0,007,"BARRETT AV","WILSON AV",0.00,,Y,A,-,N,,,,,,,,,,N,4,0,1,2,A,-,04,21703,,N,C,C,A,A,H,-,A,D,0,,,,,Y,,-,-,0,0,1,0,0,0,0,0,0,-,-,,,"CONTRA COSTA",RICHMOND,-122.32603,37.93543
4324058,2009,2010-02-10,0710,2009-06-21,1510,1469,NORTH,7,5,5,0710,0,0,0,,0,007,"SAN PABLO AV","SOLANO AV",168.00,S,N,A,-,N,,,,,,,,,,N,3,0,1,2,A,-,07,21658,A,N,D,-,F,A,H,-,A,D,0,Y,Y,,,Y,,-,-,0,1,0,0,1,0,0,0,0,-,-,,,"CONTRA COSTA",RICHMOND,-122.3280692,37.9416027
4324065,2009,2010-02-10,0710,2009-06-27,1930,1504,,6,5,5,0710,0,0,0,,0,007,"BARRETT AV","37TH ST",0.00,,Y,A,-,N,,,,,,,,,,N,4,0,1,2,A,-,04,21703,,N,C,C,A,A,H,-,A,A,0,,,,,Y,,-,-,0,0,1,0,0,0,0,0,0,-,-,,,"CONTRA COSTA",RICHMOND,-122.33366,37.93653
4324069,2009,2010-04-08,0710,2009-06-29,0830,1274,,1,5,5,0710,0,0,0,,0,,"HILLTOP RD","RT 80",0.00,,Y,A,-,Y,CC,4,80,-,-,6.022,R,4,W,Y,4,0,2,3,A,-,04,21703,,N,C,C,A,A,D,-,A,A,0,,,,,Y,,-,-,0,0,2,0,0,0,0,0,0,-,-,,,"CONTRA COSTA",RICHMOND,-122.31872317,37.97561501
4324072,2009,2010-01-06,0710,2009-05-29,1922,1250,,5,5,5,0710,0,0,0,,0,007,"WILSON AV","SOLANO AV",0.00,,Y,A,-,N,,,,,,,,,,N,4,0,1,2,A,-,09,21802,A,M,D,C,A,A,H,-,A,A,0,,,,,Y,,-,-,0,0,1,0,0,0,0,0,0,-,-,,,"CONTRA COSTA",RICHMOND,-122.32917,37.94204
4327432,2009,2010-06-08,9370,2009-07-09,1740,19051,,4,2,5,0710,0,1,1,,2,083,"RT 80","EL PORTAL DR",2640.00,W,N,A,-,Y,CC,4,80,-,-,4.750,H,-,E,N,4,0,2,2,A,-,03,22350,,N,C,C,A,A,H,-,A,D,6,,,,,Y,,I,12,0,0,2,0,0,0,0,0,0,-,-,37.9631,-122.32815,"CONTRA COSTA",RICHMOND,-122.32941162,37.96185562
4327457,2009,2010-06-08,9370,2009-07-22,1025,16584,,3,1,5,0710,0,1,1,,2,083,"RT 80","HILLTOP RD",1056.00,W,N,A,-,Y,CC,4,80,-,-,5.790,H,-,W,Y,3,0,2,4,A,-,07,21658,A,F,C,C,A,A,H,-,A,D,6,,,,Y,Y,,A,07,0,1,1,0,0,0,0,0,0,-,-,37.97429,-122.3193,"CONTRA COSTA",RICHMOND,-122.31976381,37.97254504
4327848,2009,2010-06-08,9370,2009-07-22,1850,13964,,3,2,5,0710,0,1,1,,2,082,"RT 80","MACDONALD AV",634.00,W,N,A,-,Y,CC,4,80,-,-,2.500,H,-,E,N,4,0,1,3,A,-,03,22350,,N,C,C,A,A,H,-,A,D,6,,,,,Y,,A,01,0,0,1,0,0,0,0,0,0,-,-,37.93102,-122.32468,"CONTRA COSTA",RICHMOND,-122.32404884,37.93010655
4327904,2009,2010-07-19,9370,2009-07-13,0006,19109,,1,3,5,0710,0,1,1,,2,058,"RT 580","ERLANDSON ST",1115.00,W,N,A,-,Y,CC,4,580,-,R,2.300,H,-,W,Y,2,0,1,1,C,-,18,,,N,E,I,A,A,H,-,C,D,1,,,,,Y,,-,-,1,0,0,0,0,0,0,0,0,-,-,37.55173,-122.2013,"CONTRA COSTA",RICHMOND,-122.3387074,37.92163659
4327932,2009,2010-06-08,9370,2009-07-18,1331,19066,,6,1,5,0710,0,1,1,,2,082,"RT 80","CENTRAL AV",1056.00,E,N,A,-,Y,CC,4,80,-,-,0.450,H,-,W,Y,4,0,1,2,A,-,03,22350,,N,C,C,A,A,H,-,A,D,6,,,,,Y,,A,01,0,0,1,0,0,0,0,0,0,-,-,37.90532,-122.31408,"CONTRA COSTA",RICHMOND,-122.31308094,37.90399749
4327935,2009,2010-06-08,9370,2009-07-02,0750,19537,,4,1,5,0710,0,1,1,,2,082,"RT 80","SAN PABLO DAM RD",275.00,W,N,A,-,Y,CC,4,80,-,-,4.290,H,-,W,N,4,0,1,5,A,-,03,22350,,F,C,C,A,A,H,-,A,D,6,,,,,Y,,A,01,0,0,1,0,0,0,0,0,0,-,-,37.95512,-122.32952,"CONTRA COSTA",RICHMOND,-122.32953626,37.95515669
4327938,2009,2010-06-08,9370,2009-07-16,1840,18864,,4,2,5,0710,0,1,1,,2,082,"RT 80","CARLSON BL",1320.00,W,N,A,-,Y,CC,4,80,-,-,0.750,H,-,E,Y,4,0,1,4,A,-,03,22350,,N,C,C,A,-,A,H,A,D,6,,,,,Y,,A,01,0,0,1,0,0,0,0,0,0,-,-,37.54251,-122.18533,"CONTRA COSTA",RICHMOND,-122.31470447,37.90672845
4327951,2009,2010-06-08,9370,2009-07-02,0715,16584,,4,1,5,0710,0,1,1,,2,083,"RT 80","HILLTOP RD",528.00,W,N,B,-,Y,CC,4,80,-,-,5.890,H,-,W,N,4,0,1,2,A,-,03,22350,,N,C,C,A,A,H,-,A,D,6,,,,,Y,,D,22,0,0,1,0,0,0,0,0,0,-,-,37.97548,-122.31811,"CONTRA COSTA",RICHMOND,-122.31939327,37.9736485
4327959,2009,2010-06-08,9370,2009-07-06,0910,19537,,1,1,5,0710,0,1,1,,2,082,"RT 80","45TH ST",380.00,E,N,A,-,Y,CC,4,80,-,-,2.558,R,4,E,Y,4,0,1,2,A,-,03,22350,,N,C,C,A,A,H,-,A,D,6,,,,,Y,,A,01,0,0,1,0,0,0,0,0,0,-,-,37.93278,-122.32595,"CONTRA COSTA",RICHMOND,-122.32424317,37.93035501
4334198,2009,2010-07-15,9370,2009-07-24,0540,18965,,5,3,5,0710,0,1,1,,2,058,"RT 580","CANAL BL",1895.00,W,N,B,-,Y,ALA,4,580,-,R,4.280,H,-,W,Y,3,0,1,1,A,-,08,22107,,N,E,I,A,A,H,-,B,D,1,,,,,Y,,A,01,0,1,0,0,0,0,0,0,0,-,-,37.92715,-122.37131,"CONTRA COSTA",RICHMOND,-122.37053631,37.92729847
4334229,2009,2010-06-08,9370,2009-07-21,1605,16584,,2,2,5,0710,0,1,1,,2,082,"RT 80","CUTTING BL",1056.00,,N,A,-,Y,CC,4,80,-,-,1.830,H,-,E,Y,4,0,2,3,A,-,04,21703,,N,C,C,A,A,H,-,A,D,6,,,,,Y,,A,07,0,0,2,0,0,0,0,0,0,-,-,37.92247,-122.31873,"CONTRA COSTA",RICHMOND,-122.31926778,37.92327713
4341701,2009,2010-07-19,9370,2009-07-29,0248,18816,,3,3,5,0710,0,1,1,,2,058,"RT 580","ERLANDSON ST",633.00,W,N,B,-,Y,CC,4,580,-,R,2.210,H,-,W,Y,4,0,1,1,A,-,08,22107,,N,E,I,A,A,H,-,D,D,1,,,,,Y,,A,01,0,0,1,0,0,0,0,0,0,-,-,37.55158,-122.20069,"CONTRA COSTA",RICHMOND,-122.33502761,37.92109216
4341711,2009,2010-04-21,9370,2009-07-28,0005,18878,,2,3,5,0710,0,1,1,,2,083,"RT 80","HILLTOP DR",660.00,W,N,A,-,Y,CC,4,80,-,-,5.768,R,2,E,Y,4,0,1,1,A,-,01,23152,A,N,E,I,A,A,H,-,C,D,6,,,,,Y,Y,A,01,0,0,1,0,0,0,0,0,0,TO,-,37.97447,-122.31827,"CONTRA COSTA",RICHMOND,-122.31980317,37.97199501
4341734,2009,2010-06-08,9370,2009-07-31,1334,19066,,5,1,5,0710,0,1,1,,2,082,"RT 80","SOLANO AV",815.00,W,N,A,-,Y,CC,4,80,-,-,3.260,H,-,E,Y,4,0,2,4,A,-,03,22350,,N,C,C,A,A,H,-,A,D,6,,,,,Y,,A,08,0,0,2,0,0,0,0,0,0,-,-,37.94178,-122.32367,"CONTRA COSTA",RICHMOND,-122.3244168,37.94048176
4356949,2009,2010-11-16,0710,2009-08-10,1314,348,,1,5,5,0710,0,0,0,,0,,"RICHMOND PKWY","GATE 91 MILLS GATE",946.00,S,N,A,-,N,,,,,,,,,,Y,3,0,2,1,A,-,08,22107,,N,A,I,A,A,H,-,A,D,0,,,,Y,Y,,F,26,0,2,0,0,0,0,0,0,0,-,-,,,"CONTRA COSTA",RICHMOND,0,0
4357079,2009,2010-06-08,9370,2009-07-11,1825,19051,,6,2,5,0710,0,1,1,,2,082,"RT 80","BARRETT AV",200.00,W,N,A,-,Y,CC,4,80,-,-,2.780,H,-,W,Y,4,0,1,2,A,-,07,21658,A,N,B,C,A,A,H,-,A,D,6,,,,,Y,,A,01,0,0,1,0,0,0,0,0,0,-,-,37.56027,-122.1937,"CONTRA COSTA",RICHMOND,-122.32691961,37.93420915
4357083,2009,2010-06-08,9370,2009-07-09,2005,19051,,4,2,5,0710,0,1,1,,2,082,"RT 80","SOLANO AV",200.00,W,N,A,-,Y,CC,4,80,-,-,3.370,H,-,E,Y,3,0,2,3,A,-,01,23152,A,N,C,C,A,A,H,-,A,D,6,,,,,Y,Y,A,07,0,2,0,0,0,0,0,0,0,-,-,37.94306,-122.3237,"CONTRA COSTA",RICHMOND,-122.32388317,37.94173501
4358888,2009,2010-03-11,0710,2009-07-27,1751,1119,,1,5,5,0710,0,0,0,,0,007,"23RD ST","GAYNOR AV",50.00,S,N,A,-,N,,,,,,,,,,N,4,0,1,2,A,-,03,22350,,N,C,C,A,A,H,-,A,D,0,,,,,Y,,A,01,0,0,1,0,0,0,0,0,0,-,-,,,"CONTRA COSTA",RICHMOND,-122.3475132,37.94421765
4358892,2009,2010-03-11,0710,2009-07-28,1505,1324,NORTH,2,5,5,0710,0,0,0,,0,007,"SAN PABLO AV","MCBRYDE AV",0.00,,Y,A,-,N,,,,,,,,,,N,4,0,2,3,A,-,03,22350,,F,C,C,A,A,H,-,A,A,0,,,,,Y,,D,22,0,0,2,0,0,0,0,0,0,-,-,,,"CONTRA COSTA",RICHMOND,-122.33075,37.94725
4358904,2009,2010-03-11,0710,2009-07-31,2123,1386,,5,5,5,0710,0,0,0,,0,003,"CUTTING BL","37TH ST",0.00,,Y,A,-,N,,,,,,,,,,Y,4,0,1,2,A,-,09,21801,A,N,D,C,A,A,H,-,C,A,0,,,,,Y,,A,01,0,0,1,0,0,0,0,0,0,-,-,,,"CONTRA COSTA",RICHMOND,-122.3343,37.92537
4358943,2009,2010-06-08,0710,2009-07-13,0646,1242,,1,5,5,0710,0,0,0,,0,,"AMADOR ST","RT 80",63.00,N,N,A,-,Y,CC,4,80,-,-,3.286,R,4,E,Y,2,0,2,1,A,-,01,23152,A,N,E,I,A,A,H,-,B,A,0,,,,,Y,,A,01,1,1,0,0,0,0,0,0,0,-,EF,,,"CONTRA COSTA",RICHMOND,-122.32436317,37.94060501
4358955,2009,2010-03-11,0710,2009-07-22,1755,1407,NORTH,3,5,5,0710,0,0,0,,0,007,"SAN PABLO AV","SOLANO AV",15.00,N,N,B,-,N,,,,,,,,,,N,4,0,1,2,A,-,03,22350,,N,C,C,A,A,H,-,A,A,0,,,,,Y,,-,-,0,0,1,0,0,0,0,0,0,-,-,,,"CONTRA COSTA",RICHMOND,-122.3282918,37.94207349
4359129,2009,2010-04-27,0710,2009-08-05,2329,1386,,3,5,5,0710,0,0,0,,0,004,"22ND ST","BISSELL AV",210.00,N,N,A,-,N,,,,,,,,,,Y,3,0,1,1,A,-,01,23152,A,N,E,I,A,A,H,-,C,D,0,,,,,Y,Y,A,01,0,1,0,0,0,0,0,0,0,-,-,,,"CONTRA COSTA",RICHMOND,-122.3486096,37.93472188
4359137,2009,2010-04-27,0710,2009-08-11,1532,348,,2,5,5,0710,0,0,0,,0,,"BARRETT AV","18TH ST",0.00,,Y,A,-,N,,,,,,,,,,Y,4,0,1,2,A,-,09,21802,A,N,A,C,A,A,H,-,A,D,0,,,,,Y,,-,-,0,0,1,0,0,0,0,0,0,-,-,,,"CONTRA COSTA",RICHMOND,-122.35252,37.93845
4359141,2009,2010-04-27,0710,2009-08-07,1605,1386,,5,5,5,0710,0,0,0,,0,001,"2ND ST","MAINE AV",74.00,N,N,A,-,N,,,,,,,,,,N,3,0,1,2,A,-,09,21804,A,N,D,G,A,A,H,-,A,D,0,,Y,,,Y,Y,L,04,0,1,0,0,0,0,1,0,0,-,-,,,"CONTRA COSTA",RICHMOND,-122.3679885,37.92825825
4359145,2009,2010-04-27,0710,2009-08-07,1419,1324,,5,5,5,0710,0,0,0,,0,004,"16TH ST","PENNSYLVANIA AV",265.00,S,N,A,-,N,,,,,,,,,,N,3,0,1,2,A,-,11,21954,A,N,G,B,D,A,B,-,A,D,0,Y,,,,Y,,N,60,0,1,0,0,1,0,0,0,0,-,-,,,"CONTRA COSTA",RICHMOND,-122.3547104,37.94283295
4359149,2009,2010-07-22,0710,2009-08-13,0657,1282,NORTH,4,5,5,0710,0,0,0,,0,008,"RICHMOND PKY","ATLAS RD",0.00,,Y,A,-,N,,,,,,,,,,Y,4,0,1,3,A,-,03,22350,,N,C,C,A,A,H,-,A,A,0,,,,,Y,,-,-,0,0,1,0,0,0,0,0,0,-,-,,,"CONTRA COSTA",RICHMOND,-122.33642,37.99104
4359150,2009,2010-07-22,0710,2009-08-07,2239,1521,,5,5,5,0710,0,0,0,,0,006,"NEVIN AV","B ST",77.00,E,N,A,-,N,,,,,,,,,,Y,4,0,1,2,A,-,07,21658,A,N,C,E,A,A,H,-,E,D,0,,,,,Y,Y,-,-,0,0,1,0,0,0,0,0,0,-,-,,,"CONTRA COSTA",RICHMOND,-122.3702161,37.93683757
4359153,2009,2010-04-27,0710,2009-08-10,1400,1494,NORTH,1,5,5,0710,0,0,0,,0,007,"LOWELL AV","32ND ST",0.00,,Y,A,-,N,,,,,,,,,,Y,4,0,1,2,A,-,09,21800,B,N,D,C,A,A,H,-,A,D,0,,,,,Y,,-,-,0,0,1,0,0,0,0,0,0,-,-,,,"CONTRA COSTA",RICHMOND,-122.33675,37.94922
4359154,2009,2010-04-27,0710,2009-08-01,1441,1477,,6,5,5,0710,0,0,0,,0,007,"SAN PABLO AV","SAN PABLO AV",0.00,,N,A,-,N,,,,,,,,,,N,4,0,1,2,A,-,-,,,N,H,G,A,A,H,-,A,A,0,,Y,,,Y,,-,-,0,0,1,0,0,0,1,0,0,-,-,,,"CONTRA COSTA",RICHMOND,0,0
4359157,2009,2010-04-27,0710,2009-08-10,1427,267,0710,1,5,5,0710,0,0,0,,0,008,"HILLTOP MALL RD","KLOSE WY",0.00,,N,A,-,N,,,,,,,,,,N,4,0,2,2,A,-,09,21801,A,N,B,C,A,A,H,-,A,D,0,,,,,Y,,-,-,0,0,2,0,0,0,0,0,0,-,-,,,"CONTRA COSTA",RICHMOND,-122.32456,37.98182
4359161,2009,2010-04-27,0710,2009-08-13,1941,1386,,4,5,5,0710,0,0,0,,0,,"SAN PABLO AV","LIGHT POLE 02892",9.00,S,N,A,-,N,,,,,,,,,,N,3,0,1,2,A,-,05,21650,1,N,D,G,A,A,H,-,A,A,0,,Y,,,Y,,L,04,0,1,0,0,0,0,1,0,0,-,-,,,"CONTRA COSTA",RICHMOND,0,0
4359165,2009,2010-04-27,0710,2009-08-14,1537,1386,,5,5,5,0710,0,0,0,,0,,"NEVIN AV","11TH ST",0.00,,Y,A,-,N,,,,,,,,,,N,3,0,1,2,A,-,08,22107,,N,D,G,A,A,H,-,A,D,0,,Y,,,Y,,A,01,0,1,0,0,0,0,1,0,0,-,-,,,"CONTRA COSTA",RICHMOND,-122.35904,37.93684
4359169,2009,2010-04-27,0710,2009-08-05,0920,1242,,3,5,5,0710,0,0,0,,0,,"37TH ST","BARRETT AV",4.00,S,N,A,-,N,,,,,,,,,,N,4,0,1,2,A,-,10,21950,A,N,G,B,B,A,H,-,A,A,0,Y,,,,Y,,A,01,0,0,1,0,1,0,0,0,0,-,-,,,"CONTRA COSTA",RICHMOND,-122.3336756,37.93652419
4359177,2009,2010-04-27,0710,2009-08-05,1457,1551,SOUTH,3,5,5,0710,0,0,0,,0,001,"CANAL BL","CUTTING BL",102.00,N,N,A,-,N,,,,,,,,,,Y,3,0,2,1,A,-,-,,,N,E,I,A,A,H,-,A,D,0,,,,,Y,,-,-,0,2,0,0,0,0,0,0,0,-,-,,,"CONTRA COSTA",RICHMOND,-122.378247,37.92556516
4359189,2009,2010-04-27,0710,2009-08-15,1432,1549,,6,5,5,0710,0,0,0,,0,007,"23RD ST","ESMOND AV",67.00,S,N,A,-,N,,,,,,,,,,Y,4,0,1,2,A,-,05,21460,,N,A,C,A,A,H,-,A,D,0,,,,,Y,,-,-,0,0,1,0,0,0,0,0,0,-,-,,,"CONTRA COSTA",RICHMOND,-122.3475064,37.94495097