CASE_ID,ACCIDENT_YEAR,PROC_DATE,JURIS,COLLISION_DATE,COLLISION_TIME,OFFICER_ID,REPORTING_DISTRICT,DAY_OF_WEEK,CHP_SHIFT,POPULATION,CNTY_CITY_LOC,SPECIAL_COND,BEAT_TYPE,CHP_BEAT_TYPE,CITY_DIVISION_LAPD,CHP_BEAT_CLASS,BEAT_NUMBER,PRIMARY_RD,SECONDARY_RD,DISTANCE,DIRECTION,INTERSECTION,WEATHER_1,WEATHER_2,STATE_HWY_IND,CALTRANS_COUNTY,CALTRANS_DISTRICT,STATE_ROUTE,ROUTE_SUFFIX,POSTMILE_PREFIX,POSTMILE,LOCATION_TYPE,RAMP_INTERSECTION,SIDE_OF_HWY,TOW_AWAY,COLLISION_SEVERITY,NUMBER_KILLED,NUMBER_INJURED,PARTY_COUNT,PRIMARY_COLL_FACTOR,PCF_CODE_OF_VIOL,PCF_VIOL_CATEGORY,PCF_VIOLATION,PCF_VIOL_SUBSECTION,HIT_AND_RUN,TYPE_OF_COLLISION,MVIW,PED_ACTION,ROAD_SURFACE,ROAD_COND_1,ROAD_COND_2,LIGHTING,CONTROL_DEVICE,CHP_ROAD_TYPE,PEDESTRIAN_ACCIDENT,BICYCLE_ACCIDENT,MOTORCYCLE_ACCIDENT,TRUCK_ACCIDENT,NOT_PRIVATE_PROPERTY,ALCOHOL_INVOLVED,STWD_VEHTYPE_AT_FAULT,CHP_VEHTYPE_AT_FAULT,COUNT_SEVERE_INJ,COUNT_VISIBLE_INJ,COUNT_COMPLAINT_PAIN,COUNT_PED_KILLED,COUNT_PED_INJURED,COUNT_BICYCLIST_KILLED,COUNT_BICYCLIST_INJURED,COUNT_MC_KILLED,COUNT_MC_INJURED,PRIMARY_RAMP,SECONDARY_RAMP,LATITUDE,LONGITUDE,COUNTY,CITY,POINT_X,POINT_Y
5213418,2011,2012-08-16,0710,2011-06-04,1801,1242,,6,5,5,0710,0,0,0,,0,,"37TH ST","NEVIN AV",0.00,,Y,B,-,N,,,,,,,,,,Y,4,0,1,2,A,-,09,21802,B,F,B,C,A,A,H,-,A,A,0,,,,,Y,,A,01,0,0,1,0,0,0,0,0,0,-,-,,,"CONTRA COSTA",RICHMOND,-122.334,37.935
5249348,2011,2012-05-03,0710,2011-03-24,0625,1040,SOUTH,4,5,5,0710,0,0,0,,0,001,"MARINA BAY PKWY","MEEKER AV",0.00,,Y,C,-,N,,,,,,,,,,Y,4,0,1,2,A,-,12,21453,A,M,D,C,A,B,H,-,B,A,0,,,,,Y,,A,01,0,0,1,0,0,0,0,0,0,-,-,,,"CONTRA COSTA",RICHMOND,-122.34695,37.91984
5249367,2011,2012-08-29,0710,2011-06-25,0035,1548,,6,5,5,0710,0,0,0,,0,008,"RICHMOND PKWY","PARR BL",1056.00,E,N,A,-,N,,,,,,,,,,Y,4,0,2,2,A,-,08,22107,,N,D,C,A,A,H,-,C,D,0,,,,,Y,,A,01,0,0,2,0,0,0,0,0,0,-,-,,,"CONTRA COSTA",RICHMOND,-122.37377532,37.96482507
5249368,2011,2012-08-29,0710,2011-06-04,1413,1242,,6,5,5,0710,0,0,0,,0,,"SAN PABLO AV","NATALIE CT",65.00,S,N,B,-,N,,,,,,,,,,Y,4,0,2,3,A,-,03,22350,,F,C,C,A,B,H,-,A,D,0,,,,,Y,,A,07,0,0,2,0,0,0,0,0,0,-,-,,,"CONTRA COSTA",RICHMOND,-122.33150279,37.94877818
5249370,2011,2012-09-12,0710,2011-06-28,1619,1494,SOUTH,2,5,5,0710,0,0,0,,0,003,"CUTTING BL","37TH ST",0.00,,Y,B,C,N,,,,,,,,,,N,4,0,1,2,A,-,03,22350,,N,C,C,A,B,H,-,A,A,0,,,,,Y,,A,07,0,0,1,0,0,0,0,0,0,-,-,,,"CONTRA COSTA",RICHMOND,-122.3343,37.92537
5249371,2011,2012-08-29,0710,2011-06-24,1552,1494,NORTH,5,5,5,0710,0,0,0,,0,007,"SAN PABLO AV","ESMOND AV",0.00,,N,A,-,N,,,,,,,,,,N,4,0,2,2,A,-,09,21801,A,N,D,C,A,A,H,-,A,D,0,,,,,Y,,A,01,0,0,2,0,0,0,0,0,0,-,-,,,"CONTRA COSTA",RICHMOND,-122.32993,37.94551
5249374,2011,2012-09-12,0710,2011-06-26,1358,1242,,7,5,5,0710,0,0,0,,0,,"PANAMA AV","SAN JOAQUIN ST",85.00,W,N,A,-,N,,,,,,,,,,Y,3,0,1,2,A,-,05,21650,,N,D,G,A,A,H,-,A,D,0,,Y,,,Y,,L,04,0,1,0,0,0,0,1,0,0,-,-,,,"CONTRA COSTA",RICHMOND,-122.3140968,37.90458612
5249379,2011,2012-09-12,0710,2011-06-23,0819,1603,0710,4,5,5,0710,0,0,0,,0,001,"CASTRO ST","REDWOOD ST",45.00,W,N,A,-,N,,,,,,,,,,N,4,0,1,2,A,-,08,22107,,N,B,C,A,A,H,-,A,A,0,,,,,Y,,-,-,0,0,1,0,0,0,0,0,0,-,-,,,"CONTRA COSTA",RICHMOND,0,0
5249384,2011,2012-08-29,0710,2011-06-02,1455,1549,,4,5,5,0710,0,0,0,,0,007,"23RD ST","COALINGA AV",0.00,,Y,B,-,N,,,,,,,,,,Y,4,0,1,2,A,-,08,22107,,N,D,C,A,A,H,-,A,D,0,,,,,Y,,-,-,0,0,1,0,0,0,0,0,0,-,-,,,"CONTRA COSTA",RICHMOND,-122.34746,37.94739
5249387,2011,2012-08-29,0710,2011-06-20,1230,1133,,1,5,5,0710,0,0,0,,0,TRAFFI,"ESMOND AV","HUMBOLDT ST",0.00,,Y,A,-,N,,,,,,,,,,Y,4,0,1,2,A,-,09,21800,A,N,D,C,A,A,H,-,A,D,0,,,,,Y,,-,-,0,0,1,0,0,0,0,0,0,-,-,,,"CONTRA COSTA",RICHMOND,-122.32597,37.94668
5249395,2011,2012-08-29,0710,2011-06-16,0955,1324,CENTR,4,5,5,0710,0,0,0,,0,006,"MACDONALD AV","HARBOUR WAY",0.00,,Y,A,-,N,,,,,,,,,,Y,4,0,1,2,A,-,12,21453,A,N,D,C,A,A,H,-,A,A,0,,,,,Y,,A,01,0,0,1,0,0,0,0,0,0,-,-,,,"CONTRA COSTA",RICHMOND,-122.36002,37.93565
5249399,2011,2012-08-29,0710,2011-06-15,1526,1551,SOUTE,3,5,5,0710,0,0,0,,0,002,"CUTTING BL","SOUTH 20TH",0.00,,Y,A,-,N,,,,,,,,,,N,4,0,1,2,A,-,10,21950,A,N,G,B,B,A,H,-,A,D,0,Y,,,,Y,,-,-,0,0,1,0,1,0,0,0,0,-,-,,,"CONTRA COSTA",RICHMOND,-122.3504,37.9252
5249407,2011,2012-08-29,0710,2011-06-14,1532,1494,NORTH,2,5,5,0710,0,0,0,,0,007,"23RD ST","ESMOND AV",0.00,,Y,A,-,N,,,,,,,,,,N,3,0,1,6,A,-,09,21802,A,N,D,C,A,A,H,-,A,D,0,,,,,Y,,A,07,0,1,0,0,0,0,0,0,0,-,-,,,"CONTRA COSTA",RICHMOND,-122.34749,37.94513
5249419,2011,2012-09-12,0710,2011-06-13,0143,1484,0710,1,5,5,0710,0,0,0,,0,003,"SAN LUIS ST","VAN FLEET AV",0.00,,Y,A,-,N,,,,,,,,,,Y,3,0,1,1,A,-,03,22350,,N,E,I,A,A,H,-,C,-,0,,,,,Y,,-,-,0,1,0,0,0,0,0,0,0,-,-,,,"CONTRA COSTA",RICHMOND,-122.31155,37.90257
5258692,2011,2013-04-18,0710,2011-07-09,1826,1524,SOUTH,6,5,5,0710,0,0,0,,0,001,"CANAL ST","RT 580",0.00,,Y,A,-,Y,CC,4,580,-,R,4.482,R,4,W,Y,4,0,1,2,A,-,-,,,N,D,C,A,A,H,-,A,A,0,,,,,Y,,A,07,0,0,1,0,0,0,0,0,0,-,-,,,"CONTRA COSTA",RICHMOND,-122.37305317,37.927275
5262162,2011,2012-06-29,0710,2011-05-30,1652,1605,,1,5,5,0710,0,0,0,,0,007,"ROOSEVELT AV","42ND ST",0.00,,Y,A,-,N,,,,,,,,,,N,2,0,1,2,A,-,09,21802,A,N,D,G,A,A,H,-,A,A,0,,Y,,,Y,,L,04,1,0,0,0,0,0,1,0,0,-,-,,,"CONTRA COSTA",RICHMOND,-122.329,37.93745
5262608,2011,2012-10-25,0710,2011-07-16,0421,1472,CENTR,6,5,5,0710,0,0,0,,0,004,"BARRETT AV","21ST ST",87.00,E,N,A,-,N,,,,,,,,,,Y,4,0,1,2,A,-,05,21650,,M,C,E,A,A,H,-,C,D,0,,,,,Y,,A,01,0,0,1,0,0,0,0,0,0,-,-,,,"CONTRA COSTA",RICHMOND,-122.34928143,37.93845799
5262624,2011,2012-10-25,0710,2011-07-23,1226,1242,,6,5,5,0710,0,0,0,,0,,"BLUME DR","KLOSE WY",0.00,,Y,B,-,N,,,,,,,,,,N,3,0,3,4,A,-,10,21950,A,N,G,B,B,A,H,-,A,A,0,Y,,,,Y,,D,22,0,3,0,0,3,0,0,0,0,-,-,,,"CONTRA COSTA",RICHMOND,-122.32282,37.98198
5262632,2011,2012-10-25,0710,2011-07-29,1356,1324,SOUTH,5,5,5,0710,0,0,0,,0,003,"CUTTING BL","45TH ST",35.00,E,N,A,-,N,,,,,,,,,,Y,4,0,2,4,A,-,03,22350,,N,C,C,A,A,H,-,A,D,0,,,,,Y,,A,01,0,0,2,0,0,0,0,0,0,-,-,,,"CONTRA COSTA",RICHMOND,-122.3270918,37.92547352
5262686,2011,2012-10-30,0710,2011-07-02,1600,1242,,6,5,5,0710,0,0,0,,0,,"RICHMOND PKWY","HILLTOP DR",0.00,,Y,A,-,N,,,,,,,,,,Y,4,0,1,2,D,-,00,,,N,D,D,A,A,H,-,A,A,0,,,,,Y,Y,-,-,0,0,1,0,0,0,0,0,0,-,-,,,"CONTRA COSTA",RICHMOND,0,0
5262694,2011,2013-02-04,0710,2011-07-08,1020,1324,SOUTH,5,5,5,0710,0,0,0,,0,001,"CANAL BL","RT 580",0.00,,Y,A,-,Y,CC,4,580,-,R,4.898,R,4,E,Y,4,0,2,2,A,-,12,21453,A,N,D,C,A,A,H,-,A,A,0,,,,,Y,,A,01,0,0,2,0,0,0,0,0,0,-,-,,,"CONTRA COSTA",RICHMOND,-122.38398318,37.928355
5272333,2011,2012-12-10,0710,2011-08-08,1430,1133,,1,5,5,0710,0,0,0,,0,004,"13TH ST","LINCOLN AV",55.00,S,N,A,-,N,,,,,,,,,,Y,4,0,1,2,A,-,12,21453,A,N,D,C,A,A,H,-,A,A,0,,,,,Y,,D,22,0,0,1,0,0,0,0,0,0,-,-,,,"CONTRA COSTA",RICHMOND,-122.35744261,37.9458141
5272337,2011,2012-12-10,0710,2011-08-07,1539,1242,,7,5,5,0710,0,0,0,,0,,"HILLTOP DR","ROBERT MILLER RD",0.00,,Y,B,-,N,,,,,,,,,,Y,3,0,4,2,A,-,09,21801,A,N,D,C,A,A,H,-,A,A,0,,,,,Y,,A,07,0,1,3,0,0,0,0,0,0,-,-,,,"CONTRA COSTA",RICHMOND,-122.33304,37.97828
5272341,2011,2012-12-08,0710,2011-08-07,1237,1242,,7,5,5,0710,0,0,0,,0,,"BARRETT AV","18TH ST",0.00,,Y,B,-,N,,,,,,,,,,Y,3,0,1,2,A,-,09,21802,B,N,D,G,A,A,H,-,A,A,0,,Y,,,Y,,D,22,0,1,0,0,0,0,1,0,0,-,-,,,"CONTRA COSTA",RICHMOND,-122.35252,37.93845
5272353,2011,2012-12-26,0710,2011-08-30,1550,1489,CENTR,2,5,5,0710,0,0,0,,0,006,"MARINA WY","CHANSLOR AV",0.00,,Y,A,-,N,,,,,,,,,,N,4,0,1,3,A,-,05,21650,1,M,A,G,A,A,H,-,A,D,0,,Y,,,Y,,L,04,0,0,1,0,0,0,0,0,0,-,-,,,"CONTRA COSTA",RICHMOND,-122.35617,37.93249
5272357,2011,2012-12-10,0710,2011-08-11,1903,1261,,4,5,5,0710,0,0,0,,0,003,"FLORIDA AV","39TH ST",0.00,,Y,A,-,N,,,,,,,,,,Y,4,0,1,2,A,-,12,22450,A,N,D,C,A,A,H,-,A,A,0,,,,,Y,,D,22,0,0,1,0,0,0,0,0,0,-,-,,,"CONTRA COSTA",RICHMOND,-122.33284,37.92947
5272429,2011,2012-12-21,0710,2011-08-02,1512,1494,CENTR,2,5,5,0710,0,0,0,,0,004,"BURBECK AV","22ND ST",0.00,,Y,A,-,N,,,,,,,,,,Y,4,0,1,3,A,-,09,21802,A,N,C,C,A,A,H,-,A,A,0,,,,,Y,,A,01,0,0,1,0,0,0,0,0,0,-,-,,,"CONTRA COSTA",RICHMOND,-122.34842,37.94275
5284708,2011,2012-06-14,9370,2011-02-03,0649,20155,,4,1,5,0710,0,1,1,,2,083,"RT 80","SAN PABLO DAM RD",1584.00,E,N,A,-,Y,CC,4,80,-,-,4.640,H,-,W,N,4,0,1,2,A,-,08,22107,,N,E,I,A,A,H,-,A,D,6,,,,,Y,,I,09,0,0,1,0,0,0,0,0,0,-,-,37.57381,-122.19496,"CONTRA COSTA",RICHMOND,-122.32933421,37.96219068
5287761,2011,2012-11-05,0710,2011-07-05,1758,1261,,2,5,5,0710,0,0,0,,0,003,"CENTER AV","31ST ST",20.00,E,N,A,-,N,,,,,,,,,,N,4,0,1,2,A,-,05,21650,,M,B,C,A,A,H,-,A,A,0,,,,,Y,,A,01,0,0,1,0,0,0,0,0,0,-,-,,,"CONTRA COSTA",RICHMOND,-122.34033381,37.93022453
5287766,2011,2012-11-05,0710,2011-07-09,0757,1357,,6,5,5,0710,0,0,0,,0,004,"ESMOND AV","16TH ST",245.00,W,N,A,-,N,,,,,,,,,,Y,4,0,1,4,A,-,05,21650,,N,C,E,A,A,H,-,A,A,0,,,Y,,Y,,A,01,0,0,1,0,0,0,0,0,0,-,-,,,"CONTRA COSTA",RICHMOND,0,0
5287769,2011,2013-02-07,0710,2011-07-03,0400,1219,,7,5,5,0710,0,0,0,,0,,"CUTTING BL","37TH ST",0.00,,Y,A,-,N,,,,,,,,,,N,4,0,1,1,A,-,01,23152,A,M,E,I,A,A,H,-,C,A,0,,,,,Y,,-,-,0,0,1,0,0,0,0,0,0,-,-,,,"CONTRA COSTA",RICHMOND,-122.3343,37.92537
5287773,2011,2012-11-05,0710,2011-07-03,2000,1111,,7,5,5,0710,0,0,0,,0,,"VALLEY VIEW RD","AMEND RD",85.00,S,N,A,-,N,,,,,,,,,,N,3,0,1,1,A,-,01,23152,B,N,H,J,A,A,H,-,A,A,0,,,Y,,Y,Y,C,02,0,1,0,0,0,0,0,0,1,-,-,,,"CONTRA COSTA",RICHMOND,-122.28213564,37.96569119
5287777,2011,2012-11-05,0710,2011-07-05,2116,1261,,2,5,5,0710,0,0,0,,0,006,"MACDONALD AV","16TH ST",0.00,,Y,A,-,N,,,,,,,,,,N,4,0,1,2,A,-,10,21950,A,N,G,B,B,A,H,-,C,A,0,Y,,,,Y,,A,07,0,0,1,0,1,0,0,0,0,-,-,,,"CONTRA COSTA",RICHMOND,-122.35429,37.93567
5287781,2011,2012-11-05,0710,2011-07-06,0936,1324,CENTR,3,5,5,0710,0,0,0,,0,006,"HARBOUR WAY","MACDONALD AV",0.00,,Y,A,-,N,,,,,,,,,,Y,3,0,1,2,A,-,01,23152,A,F,D,C,A,A,H,-,A,A,0,,,,,Y,,A,08,0,1,0,0,0,0,0,0,0,-,-,,,"CONTRA COSTA",RICHMOND,-122.36002,37.93565
5287785,2011,2012-11-05,0710,2011-07-01,0610,1219,,5,5,5,0710,0,0,0,,0,,"7TH ST","ESSEX AV",0.00,,Y,A,-,N,,,,,,,,,,N,3,0,1,1,A,-,03,22350,,N,E,I,A,A,H,-,A,D,0,,,,,Y,,-,-,0,1,0,0,0,0,0,0,0,-,-,,,"CONTRA COSTA",RICHMOND,-122.36592,37.94915
5287789,2011,2013-04-17,0710,2011-07-01,1827,1242,,5,5,5,0710,0,0,0,,0,,"CARLSON BL","RT 80",25.00,S,N,A,-,Y,CC,4,80,-,-,1.125,R,4,E,N,4,0,1,2,A,-,09,21801,A,F,D,C,A,A,H,-,A,A,0,,,,,Y,,A,01,0,0,1,0,0,0,0,0,0,-,-,,,"CONTRA COSTA",RICHMOND,-122.31739316,37.91498501
5287813,2011,2012-11-05,0710,2011-07-12,1506,1261,,2,5,5,0710,0,0,0,,0,003,"OHIO AV","CARLSON BL",358.00,E,N,A,-,N,,,,,,,,,,N,4,0,1,2,A,-,21,22106,,N,D,C,A,A,H,-,A,A,0,,,,,Y,,A,01,0,0,1,0,0,0,0,0,0,-,-,,,"CONTRA COSTA",RICHMOND,-122.34462332,37.93090572
5287833,2011,2012-11-05,0710,2011-07-11,1007,1605,,1,5,5,0710,0,0,0,,0,003,"HARTNETT AV","BAYVIEW AV",400.00,W,N,A,-,N,,,,,,,,,,Y,2,0,1,2,A,-,08,22107,,N,B,C,A,A,H,-,A,A,0,,,,,Y,,-,-,1,0,0,0,0,0,0,0,0,-,-,,,"CONTRA COSTA",RICHMOND,-122.32408239,37.91571423
5287837,2011,2013-02-07,0710,2011-07-02,1931,1558,,6,5,5,0710,0,0,0,,0,,"EL PORTAL DR","SAN PABLO DAM RD",225.00,N,N,A,-,N,,,,,,,,,,Y,4,0,1,2,-,-,-,,,N,D,C,A,A,H,-,A,A,0,,,,,Y,,-,-,0,0,1,0,0,0,0,0,0,-,-,,,"CONTRA COSTA",RICHMOND,-122.31855203,37.96473195
5287930,2011,2013-03-12,0710,2011-07-31,2230,1559,NORTH,7,5,5,0710,0,0,0,,0,008,"RICHMOND PKWY","BLUME DR",0.00,,Y,A,-,N,,,,,,,,,,N,4,0,1,2,A,-,04,21703,,M,C,C,A,A,H,-,C,A,0,,,,,Y,,-,-,0,0,1,0,0,0,0,0,0,-,-,,,"CONTRA COSTA",RICHMOND,-122.31716,37.98687
5287938,2011,2012-11-29,0710,2011-07-21,1249,1324,CENTR,4,5,5,0710,0,0,0,,0,002,"BISSELL AV","22ND ST",0.00,,Y,A,-,N,,,,,,,,,,N,4,0,1,2,A,-,09,21801,A,N,A,C,A,A,H,-,A,A,0,,,,,Y,,A,01,0,0,1,0,0,0,0,0,0,-,-,,,"CONTRA COSTA",RICHMOND,-122.3486,37.93414
5287942,2011,2012-11-29,0710,2011-07-22,1125,1324,SOUTH,5,5,5,0710,0,0,0,,0,003,"33RD ST","CENTER AV",0.00,,Y,A,-,N,,,,,,,,,,Y,3,0,1,1,A,-,03,22350,,N,E,I,A,A,H,-,A,D,0,,,Y,,Y,,C,02,0,1,0,0,0,0,0,0,1,-,-,,,"CONTRA COSTA",RICHMOND,-122.33848,37.9302
5287966,2011,2012-11-29,0710,2011-07-31,1148,1242,,7,5,5,0710,0,0,0,,0,,"ROOSEVELT AV","27TH ST",0.00,,Y,B,-,N,,,,,,,,,,N,4,0,3,2,A,-,09,21802,A,N,D,C,A,A,H,-,A,A,0,,,,,Y,,A,08,0,0,3,0,0,0,0,0,0,-,-,,,"CONTRA COSTA",RICHMOND,-122.34198,37.93929
5287974,2011,2012-12-12,0710,2011-07-17,1707,1242,,7,5,5,0710,0,0,0,,0,,"BARRETT AV","SAN PABLO AV",47.00,,N,B,-,N,,,,,,,,,,Y,3,0,2,3,C,-,18,,,N,C,C,A,A,H,-,A,A,0,,,,,Y,,-,-,0,1,1,0,0,0,0,0,0,-,-,,,"CONTRA COSTA",RICHMOND,-122.32509,37.93533
5287978,2011,2012-11-29,0710,2011-07-18,1525,1133,,1,5,5,0710,0,0,0,,0,008,"GIANT RD","GORE PT",475.00,E,N,A,-,N,,,,,,,,,,N,4,0,1,1,A,-,05,21650,,N,E,I,A,A,H,-,A,D,0,,,,,Y,,A,01,0,0,1,0,0,0,0,0,0,-,-,,,"CONTRA COSTA",RICHMOND,0,0
5287982,2011,2012-11-29,0710,2011-07-18,1657,1133,,1,5,5,0710,0,0,0,,0,TRAFFI,"VALLEY VIEW DR","MORNINGSIDE DR",0.00,,Y,A,-,N,,,,,,,,,,Y,4,0,1,2,A,-,03,22350,,N,C,C,A,A,H,-,A,A,0,,,,,Y,,A,01,0,0,1,0,0,0,0,0,0,-,-,,,"CONTRA COSTA",RICHMOND,-122.28764,37.97045
5287994,2011,2012-11-29,0710,2011-07-19,1629,1494,NORTH,2,5,5,0710,0,0,0,,0,007,"SAN PABLO AV","ANDRADE AV",0.00,,Y,A,-,N,,,,,,,,,,N,4,0,1,2,A,-,03,22350,,N,C,C,A,A,H,-,A,D,0,,,,,Y,,A,01,0,0,1,0,0,0,0,0,0,-,-,,,"CONTRA COSTA",RICHMOND,-122.33104,37.94784
5287998,2011,2012-11-29,0710,2011-07-26,1230,1324,NORTH,2,5,5,0710,0,0,0,,0,007,"SAN PABLO AV","BARRETT AV",14.00,S,N,A,-,N,,,,,,,,,,N,4,0,3,2,A,-,03,22350,,F,C,C,A,A,H,-,A,A,0,,,,,Y,,A,07,0,0,3,0,0,0,0,0,0,-,-,,,"CONTRA COSTA",RICHMOND,-122.325107,37.93529667
5288106,2011,2012-08-14,0710,2011-06-05,1349,1242,,7,5,5,0710,0,0,0,,0,,"33RD ST","FLORIDA AV",0.00,,Y,B,-,N,,,,,,,,,,N,4,0,1,2,A,-,05,21202,A,N,D,G,A,A,H,-,A,A,0,,Y,,,Y,Y,L,04,0,0,1,0,0,0,1,0,0,-,-,,,"CONTRA COSTA",RICHMOND,-122.33848,37.9295
5288114,2011,2012-08-14,0710,2011-06-29,0800,1324,NORTH,3,5,5,0710,0,0,0,,0,008,"HILLTOP DR","ROBERT MILLER DR",0.00,,Y,B,-,N,,,,,,,,,,N,4,0,1,3,A,-,09,21801,B,N,D,C,A,A,H,-,A,A,0,,,,,Y,,A,01,0,0,1,0,0,0,0,0,0,-,-,,,"CONTRA COSTA",RICHMOND,-122.33304,37.97828
5291660,2011,2012-01-31,0710,2011-11-06,0116,1524,NORTH,7,5,5,0710,0,0,0,,0,008,"RICHMOND PKWY","GOODRICK AV",600.00,W,-,B,-,N,,,,,,,,,,Y,1,1,3,2,A,-,07,21658,A,N,B,C,A,B,H,-,E,A,0,,,,,Y,Y,A,01,2,0,1,0,0,0,0,0,0,-,-,,,"CONTRA COSTA",RICHMOND,-122.36734116,37.97396551
5294999,2011,2012-08-20,9370,2011-02-24,0715,14822,,4,1,5,0710,0,1,1,,2,058,"RT 580","HARBOUR WAY",280.00,W,N,B,-,Y,CC,4,580,-,R,3.650,H,-,E,Y,4,0,1,2,A,-,04,21703,,N,C,C,A,B,H,-,A,D,1,,,,,Y,,D,22,0,0,1,0,0,0,0,0,0,-,-,37.55265,-122.21394,"CONTRA COSTA",RICHMOND,-122.35997034,37.92337875
5295048,2011,2012-06-14,9370,2011-01-21,0820,020155,,5,1,5,0710,0,1,1,,2,083,RT80,"EL PORTAL DR",1200.00,W,N,A,-,Y,CC,4,80,-,-,5.020,H,-,E,Y,4,0,1,2,A,-,07,21658,A,N,B,C,A,A,H,-,A,D,6,,,,Y,Y,,G,25,0,0,1,0,0,0,0,0,0,-,-,37.57507,-122.19339,"CONTRA COSTA",RICHMOND,-122.32652228,37.96385547
5297408,2011,2012-05-31,9370,2011-01-22,1123,019059,,6,1,5,0710,0,1,1,,2,058,"RT 580","CENTRAL AV",1559.00,E,N,A,-,Y,CC,4,580,-,-,0.000,H,-,E,Y,3,0,2,1,A,-,08,22107,,N,E,I,A,A,H,-,A,D,1,,,,,Y,,A,01,0,1,1,0,0,0,0,0,0,-,-,37.53466,-122.18396,"CONTRA COSTA",RICHMOND,-122.31190218,37.89713003
5297953,2011,2012-10-12,9370,2011-06-13,1612,014822,,1,2,5,0710,0,1,1,,2,082,"RT 80","MACDONALD AV",1020.00,W,N,A,-,Y,CC,4,80,-,-,2.430,H,-,E,Y,4,0,3,3,A,-,07,21658,A,N,B,C,A,A,H,-,A,D,6,,,,,Y,,A,01,0,0,3,0,0,0,0,0,0,-,-,37.55486,-122.19267,"CONTRA COSTA",RICHMOND,-122.32381439,37.92980679
5297964,2011,2013-04-11,9370,2011-07-01,1850,020215,,5,2,5,0710,0,1,1,,2,083,"RT 80","HILLTOP DR",400.00,W,N,A,-,Y,CC,4,80,-,-,5.900,H,-,E,Y,4,0,2,2,A,-,07,21658,A,N,B,C,A,A,H,-,A,D,6,,,,,Y,,A,01,0,0,2,0,0,0,0,0,0,-,-,37.9726,-122.31958,"CONTRA COSTA",RICHMOND,-122.31861553,37.97553998
5297977,2011,2012-10-12,9370,2011-06-14,0900,018317,,2,1,5,0710,0,1,1,,2,082,"RT 80","CENTRAL AV",1584.00,E,N,A,-,Y,CC,4,80,-,-,2.370,H,-,W,Y,4,0,1,2,A,-,03,22350,,N,C,C,A,A,H,-,A,D,6,,,Y,,Y,,C,02,0,0,1,0,0,0,0,0,1,-,-,37.90022,-122.31851,"CONTRA COSTA",RICHMOND,-122.32420384,37.92992605
5297994,2011,2012-10-12,9370,2011-06-30,1735,018317,,4,2,5,0710,0,1,1,,2,082,"RT 80","CUTTING BL",1056.00,E,N,A,-,Y,CC,4,80,-,-,2.240,H,-,E,Y,4,0,2,3,A,-,03,22350,,N,C,C,A,A,H,-,A,D,6,,,,,Y,,A,01,0,0,2,0,0,0,0,0,0,-,-,37.87394,-122.92747,"CONTRA COSTA",RICHMOND,-122.32317803,37.92899316
5298083,2011,2013-02-08,9370,2011-08-02,1815,19663,,2,2,5,0710,0,1,1,,2,083,"RT 80","RICHMOND PKWY",975.00,W,N,A,-,Y,CC,4,80,-,-,6.560,H,-,E,Y,4,0,1,2,A,-,03,22350,,N,C,C,A,A,H,-,A,D,6,,,,,Y,,A,01,0,0,1,0,0,0,0,0,0,-,-,37.98425,-122.31553,"CONTRA COSTA",RICHMOND,-122.31602773,37.98313928
5298091,2011,2013-02-07,9370,2011-08-03,1730,19663,,3,2,5,0710,0,1,1,,2,083,"RT 80","APPIAN WY",260.00,W,N,A,-,Y,CC,4,80,-,-,7.570,H,-,W,Y,4,0,1,1,A,-,08,22107,,N,E,I,A,A,H,-,A,D,6,,,,,Y,,A,01,0,0,1,0,0,0,0,0,0,-,-,37.99317,-122.30498,"CONTRA COSTA",RICHMOND,-122.30338321,37.99325713
5298106,2011,2013-02-20,9370,2011-08-05,1725,20129,,5,2,5,0710,0,1,1,,2,082,"RT 80","CARLSON BL",100.00,E,N,A,-,Y,CC,4,80,-,-,1.050,H,-,W,Y,3,0,1,1,A,-,08,22107,,N,E,I,A,A,H,-,A,D,6,,,,,Y,,A,01,0,1,0,0,0,0,0,0,0,-,-,37.9108,-122.3173,"CONTRA COSTA",RICHMOND,-122.31742602,37.91116132
5298142,2011,2013-03-07,9370,2011-08-10,0735,17193,,3,1,5,0710,0,1,1,,2,058,"RT 580","MARINA WY",300.00,E,N,A,-,Y,CC,4,580,-,R,3.290,H,-,E,N,4,0,1,2,A,-,07,21658,A,N,B,C,A,A,H,-,A,D,1,,,,,Y,,A,01,0,0,1,0,0,0,0,0,0,-,-,37.92159,-122.35434,"CONTRA COSTA",RICHMOND,-122.35449707,37.9216937
5298396,2011,2012-11-07,9370,2011-05-29,2247,18864,,7,3,5,0710,0,1,1,,2,058,"RT 580","REGATTA WY",415.00,E,N,A,-,Y,CC,4,580,-,R,2.010,H,-,W,Y,3,0,1,2,A,-,03,22350,,F,C,C,A,A,H,-,C,D,1,,,,,Y,,A,01,0,1,0,0,0,0,0,0,0,-,-,37.9197,-122.33199,"CONTRA COSTA",RICHMOND,-122.3282822,37.9169056
5298470,2011,2012-09-10,9370,2011-06-08,0730,018317,,3,1,5,0710,0,1,1,,2,082,RT80,"CENTRAL AV",1584.00,E,N,B,-,Y,CC,4,80,-,-,0.550,H,-,W,Y,4,0,1,3,A,-,03,22350,,N,C,C,A,A,H,-,A,D,6,,,,,Y,,A,01,0,0,1,0,0,0,0,0,0,-,-,37.90021,-122.31854,"CONTRA COSTA",RICHMOND,-122.31348469,37.90461484