CASE_ID,ACCIDENT_YEAR,PROC_DATE,JURIS,COLLISION_DATE,COLLISION_TIME,OFFICER_ID,REPORTING_DISTRICT,DAY_OF_WEEK,CHP_SHIFT,POPULATION,CNTY_CITY_LOC,SPECIAL_COND,BEAT_TYPE,CHP_BEAT_TYPE,CITY_DIVISION_LAPD,CHP_BEAT_CLASS,BEAT_NUMBER,PRIMARY_RD,SECONDARY_RD,DISTANCE,DIRECTION,INTERSECTION,WEATHER_1,WEATHER_2,STATE_HWY_IND,CALTRANS_COUNTY,CALTRANS_DISTRICT,STATE_ROUTE,ROUTE_SUFFIX,POSTMILE_PREFIX,POSTMILE,LOCATION_TYPE,RAMP_INTERSECTION,SIDE_OF_HWY,TOW_AWAY,COLLISION_SEVERITY,NUMBER_KILLED,NUMBER_INJURED,PARTY_COUNT,PRIMARY_COLL_FACTOR,PCF_CODE_OF_VIOL,PCF_VIOL_CATEGORY,PCF_VIOLATION,PCF_VIOL_SUBSECTION,HIT_AND_RUN,TYPE_OF_COLLISION,MVIW,PED_ACTION,ROAD_SURFACE,ROAD_COND_1,ROAD_COND_2,LIGHTING,CONTROL_DEVICE,CHP_ROAD_TYPE,PEDESTRIAN_ACCIDENT,BICYCLE_ACCIDENT,MOTORCYCLE_ACCIDENT,TRUCK_ACCIDENT,NOT_PRIVATE_PROPERTY,ALCOHOL_INVOLVED,STWD_VEHTYPE_AT_FAULT,CHP_VEHTYPE_AT_FAULT,COUNT_SEVERE_INJ,COUNT_VISIBLE_INJ,COUNT_COMPLAINT_PAIN,COUNT_PED_KILLED,COUNT_PED_INJURED,COUNT_BICYCLIST_KILLED,COUNT_BICYCLIST_INJURED,COUNT_MC_KILLED,COUNT_MC_INJURED,PRIMARY_RAMP,SECONDARY_RAMP,LATITUDE,LONGITUDE,COUNTY,CITY,POINT_X,POINT_Y
5396264,2011,2013-01-10,0710,2011-10-05,2314,1637,,3,5,5,0710,0,0,0,,0,003,"FLORIDA AV","39TH ST",0.00,,Y,A,-,N,,,,,,,,,,N,4,0,1,2,A,-,12,22450,A,F,D,C,A,A,H,-,C,D,0,,,,,Y,Y,-,-,0,0,1,0,0,0,0,0,0,-,-,,,"CONTRA COSTA",RICHMOND,-122.33284,37.92947
5396267,2011,2013-01-10,0710,2011-10-21,1638,1494,CENTR,5,5,5,0710,0,0,0,,0,004,"600 BLK OF 16TH ST","16TH ST",0.00,,N,A,-,N,,,,,,,,,,N,4,0,3,2,A,-,05,21650,,N,A,C,A,A,H,-,A,D,0,,,,,Y,,A,07,0,0,3,0,0,0,0,0,0,-,-,,,"CONTRA COSTA",RICHMOND,0,0
5396271,2011,2013-01-10,0710,2011-10-19,1826,1635,SOUTH,3,5,5,0710,0,0,0,,0,003,"56TH ST",HIGHLAND,205.00,N,N,A,-,N,,,,,,,,,,N,2,0,1,2,A,-,11,21954,A,N,G,B,D,A,H,-,A,D,0,Y,,,,Y,,N,60,1,0,0,0,0,0,0,0,0,-,-,,,"CONTRA COSTA",RICHMOND,-122.31657614,37.91462792
5396272,2011,2013-01-10,0710,2011-10-04,1533,1595,,2,5,5,0710,0,0,0,,0,004,"MACDONALD AV","23RD ST",66.00,W,N,B,G,N,,,,,,,,,,N,4,0,1,2,D,-,00,,,N,C,C,A,B,H,-,A,A,0,,,,,Y,,-,-,0,0,1,0,0,0,0,0,0,-,-,,,"CONTRA COSTA",RICHMOND,-122.34780207,37.93574723
5396279,2011,2013-01-10,0710,2011-10-19,1128,1324,NORTH,3,5,5,0710,0,0,0,,0,007,"MACDONALD AV","37TH ST",0.00,,Y,A,-,N,,,,,,,,,,N,4,0,1,2,A,-,12,21453,A,N,D,C,A,A,H,-,A,A,0,,,,,Y,,A,01,0,0,1,0,0,0,0,0,0,-,-,,,"CONTRA COSTA",RICHMOND,-122.33426,37.93386
5396287,2011,2013-01-10,0710,2011-10-10,1715,1242,,1,5,5,0710,0,0,0,,0,,"23RD ST","HELLINGS AV",0.00,,Y,B,-,N,,,,,,,,,,N,4,0,1,2,A,-,05,21650,1,N,D,G,A,A,H,-,A,D,0,,Y,,,Y,,L,04,0,0,1,0,0,0,1,0,0,-,-,,,"CONTRA COSTA",RICHMOND,-122.34745,37.94811
5396296,2011,2013-01-10,0710,2011-10-01,2332,1324,NORTH,6,5,5,0710,0,0,0,,0,007,"23RD ST","BISSELL AV",74.00,S,N,A,-,N,,,,,,,,,,Y,3,0,1,3,A,-,01,23153,B,N,C,C,A,A,H,-,C,A,0,,,,,Y,Y,A,01,0,1,0,0,0,0,0,0,0,-,-,,,"CONTRA COSTA",RICHMOND,-122.34855839,37.93394641
5396298,2011,2013-03-23,0710,2011-10-28,0819,1601,,5,5,5,0710,0,0,0,,0,007,"29TH ST","HUMPHREY AV",0.00,,Y,A,-,N,,,,,,,,,,N,4,0,2,2,A,-,12,22450,,M,D,C,A,A,H,-,A,A,0,,,,,Y,,-,-,0,0,2,0,0,0,0,0,0,-,-,,,"CONTRA COSTA",RICHMOND,-122.33883,37.94851
5396302,2011,2013-01-10,0710,2011-10-27,2107,1315,,4,5,5,0710,0,0,0,,0,001,"HOFFMAN BL","CUTTING BL",252.00,S,N,A,-,N,,,,,,,,,,N,3,0,1,1,A,-,08,22107,,N,E,I,A,A,H,-,D,D,0,,,,,Y,,-,-,0,1,0,0,0,0,0,0,0,-,-,,,"CONTRA COSTA",RICHMOND,-122.36397721,37.92458736
5396303,2011,2013-01-10,0710,2011-10-14,1439,1324,NORTH,5,5,5,0710,0,0,0,,0,008,"HILLTOP MALL RD","SHANE DR",0.00,,Y,A,-,N,,,,,,,,,,N,4,0,1,2,A,-,10,21950,A,N,D,B,B,A,H,-,A,D,0,Y,,,,Y,,A,01,0,0,1,0,1,0,0,0,0,-,-,,,"CONTRA COSTA",RICHMOND,-122.32866,37.97819
5396307,2011,2013-01-10,0710,2011-10-13,0818,1445,CENTR,4,5,5,0710,0,0,0,,0,006,"HARBOR WY","MACDONALD AV",0.00,,Y,A,-,N,,,,,,,,,,N,3,0,1,2,A,-,12,21453,A,F,G,B,B,A,H,-,A,A,0,Y,,,,Y,,A,,0,1,0,0,1,0,0,0,0,-,-,,,"CONTRA COSTA",RICHMOND,-122.36002,37.93565
5396314,2011,2013-01-10,0710,2011-10-25,1548,1324,CENTR,2,5,5,0710,0,0,0,,0,003,"CUTTING BL","37TH ST",0.00,,Y,A,-,N,,,,,,,,,,Y,3,0,3,4,A,-,10,21950,A,F,G,B,B,A,H,-,A,A,0,Y,,,,Y,,A,01,0,3,0,0,3,0,0,0,0,-,-,,,"CONTRA COSTA",RICHMOND,-122.3343,37.92537
5396315,2011,2013-01-29,0710,2011-10-10,2231,1341,,1,5,5,0710,0,0,0,,0,003,"CENTRAL AV","PIERCE ST",10.00,W,N,A,C,N,,,,,,,,,,N,3,0,1,2,A,-,08,22107,,N,G,B,B,B,H,-,C,A,0,Y,,,,Y,,A,,0,1,0,0,1,0,0,0,0,-,-,,,"CONTRA COSTA",RICHMOND,-122.30993779,37.90107624
5396319,2011,2013-01-10,0710,2011-10-10,1220,1133,,1,5,5,0710,0,0,0,,0,007,"MACDONALD AV","WILSON AV",0.00,,Y,C,-,N,,,,,,,,,,N,4,0,1,2,A,-,10,21950,A,N,G,B,B,B,H,-,A,D,0,Y,,,,Y,,A,01,0,0,1,0,1,0,0,0,0,-,-,,,"CONTRA COSTA",RICHMOND,-122.32466,37.9325
5396482,2011,2013-02-06,0710,2011-11-01,2020,1261,,2,5,5,0710,0,0,0,,0,001,"OHIO AV","57TH ST",0.00,,Y,-,-,N,,,,,,,,,,N,4,0,2,2,A,-,-,,,F,C,C,A,-,-,-,-,D,0,,,,,Y,,-,-,0,0,2,0,0,0,0,0,0,-,-,,,"CONTRA COSTA",RICHMOND,-122.36501,37.93086
5396497,2011,2013-01-28,0710,2011-11-14,1742,1133,,1,5,5,0710,0,0,0,,0,008,"HILLTOP MALL RD","SHANE DR",0.00,,Y,-,-,N,,,,,,,,,,N,4,0,1,2,A,-,-,,,N,D,C,A,A,H,-,C,D,0,,,,,Y,,A,01,0,0,1,0,0,0,0,0,0,-,-,,,"CONTRA COSTA",RICHMOND,-122.32866,37.97819
5396501,2011,2013-01-28,0710,2011-11-13,1621,1242,,7,5,5,0710,0,0,0,,0,,"RICHMOND PKWY","ATLAS RD",20.00,E,N,B,-,N,,,,,,,,,,N,4,0,1,2,A,-,03,22350,,F,C,C,A,A,H,-,B,A,0,,,,,Y,,-,-,0,0,1,0,0,0,0,0,0,-,-,,,"CONTRA COSTA",RICHMOND,-122.33637338,37.99107292
5396513,2011,2013-01-28,0710,2011-11-10,2230,1494,,4,5,5,0710,0,0,0,,0,,"MARINA WY SOUTH","MARINA WY SOUTH 400",0.00,,-,A,-,N,,,,,,,,,,Y,4,0,1,1,A,-,05,21650,,N,E,I,A,A,H,-,C,D,0,,,,,Y,,A,07,0,0,1,0,0,0,0,0,0,-,-,,,"CONTRA COSTA",RICHMOND,-122.3559,37.92663
5396521,2011,2013-01-28,0710,2011-11-09,1725,1133,,3,5,5,0710,0,0,0,,0,003,"BAYVIEW AV","CARLSON BL",0.00,,Y,-,-,N,,,,,,,,,,N,4,0,2,2,A,-,-,,,N,B,C,A,A,H,-,C,A,0,,,,,Y,,A,01,0,0,2,0,0,0,0,0,0,-,-,,,"CONTRA COSTA",RICHMOND,-122.32351,37.91411
5396529,2011,2013-01-28,0710,2011-11-03,1515,1261,,4,5,5,0710,0,0,0,,0,006,"MACDONALD AV","16TH ST",0.00,,Y,B,-,N,,,,,,,,,,N,4,0,1,2,A,-,03,22350,,F,C,C,A,B,H,-,A,A,0,,,,,Y,,-,-,0,0,1,0,0,0,0,0,0,-,-,,,"CONTRA COSTA",RICHMOND,-122.35429,37.93567
5396545,2011,2013-01-28,0710,2011-11-05,1419,1623,,6,5,5,0710,0,0,0,,0,,"CARLSON BL","41ST ST",0.00,,Y,B,C,N,,,,,,,,,,Y,4,0,1,2,A,-,08,22107,,N,A,C,A,B,H,-,A,A,0,,,,,Y,,-,-,0,0,1,0,0,0,0,0,0,-,-,,,"CONTRA COSTA",RICHMOND,-122.33169,37.92037
5396549,2011,2013-01-28,0710,2011-11-05,1034,1594,,6,5,5,0710,0,0,0,,0,006,"MACDONALD AV",16TH,36.00,W,N,B,-,N,,,,,,,,,,N,4,0,1,2,A,-,21,22106,,N,C,C,A,A,H,-,A,A,0,,,,,Y,,-,-,0,0,1,0,0,0,0,0,0,-,-,,,"CONTRA COSTA",RICHMOND,-122.35442803,37.93567368
5396553,2011,2013-01-28,0710,2011-11-03,1900,1524,,4,5,5,0710,0,0,0,,0,003,"CENTER AV","35TH ST",0.00,,Y,A,-,N,,,,,,,,,,N,4,0,1,2,A,-,10,21950,A,F,G,B,B,A,H,-,C,A,0,Y,,,,Y,,A,01,0,0,1,0,1,0,0,0,0,-,-,,,"CONTRA COSTA",RICHMOND,-122.33671,37.93018
5396557,2011,2013-01-28,0710,2011-11-02,1958,1494,,3,5,5,0710,0,0,0,,0,001,"CASTRO ST","MILLS ST",1056.00,S,N,A,-,N,,,,,,,,,,Y,4,0,1,1,A,-,05,21650,,N,E,I,A,A,H,-,E,D,0,,,,,Y,,A,01,0,0,1,0,0,0,0,0,0,-,-,,,"CONTRA COSTA",RICHMOND,0,0
5397446,2011,2012-12-19,0710,2011-09-24,0953,1242,,6,5,5,0710,0,0,0,,0,,"BARRETT AV","23RD ST",5.00,E,N,B,-,N,,,,,,,,,,N,3,0,1,2,A,-,05,21650,1,N,D,G,A,A,H,-,A,A,0,,Y,,,Y,,L,04,0,1,0,0,0,0,1,0,0,-,-,,,"CONTRA COSTA",RICHMOND,-122.34754594,37.93846347
5397454,2011,2012-12-19,0710,2011-09-22,0945,1133,,4,5,5,0710,0,0,0,,0,009,"HEAVENLY RIDGE DR","MITEY MITE CT",528.00,E,N,A,-,N,,,,,,,,,,Y,4,0,1,2,A,-,05,21650,,N,B,C,A,A,H,-,A,D,0,,,,,Y,,A,01,0,0,1,0,0,0,0,0,0,-,-,,,"CONTRA COSTA",RICHMOND,-122.27890055,37.96948794
5397658,2011,2013-04-25,9370,2011-10-30,0005,20155,,7,3,5,0710,0,1,1,,2,082,"RT 80","CARLSON AV",300.00,W,N,A,-,Y,CC,4,80,-,-,0.940,H,-,E,Y,4,0,1,2,A,-,07,21658,A,M,B,C,A,A,H,-,A,D,6,,,,,Y,,A,01,0,0,1,0,0,0,0,0,0,-,-,37.90632,-122.31431,"CONTRA COSTA",RICHMOND,-122.31702592,37.91036001
5401991,2011,2013-05-01,9370,2011-10-10,1123,19572,,1,1,5,0710,0,1,1,,2,082,"RT 80","MACDONALD AV",641.00,W,N,C,-,Y,CC,4,80,-,-,2.500,H,-,E,Y,2,0,1,2,A,-,08,22107,,N,C,C,A,B,H,-,A,D,6,,,,,Y,,D,22,1,0,0,0,0,0,0,0,0,-,-,37.55508,-122.19276,"CONTRA COSTA",RICHMOND,-122.32404884,37.93010655
5402825,2011,2013-04-03,0710,2011-08-20,0022,1261,,6,5,5,0710,0,0,0,,0,004,"13TH ST","HELLINGS AV",81.00,S,N,A,-,N,,,,,,,,,,Y,1,1,0,2,A,-,03,22350,,N,G,B,E,A,H,-,C,A,0,Y,,,,Y,Y,-,99,0,0,0,1,0,0,0,0,0,-,-,,,"CONTRA COSTA",RICHMOND,-122.35732552,37.94790271
5403066,2011,2012-02-01,0710,2011-09-23,1802,1242,NORTH,5,5,5,0710,0,0,0,,0,007,"ESMOND AV","34TH ST",18.00,E,N,B,-,N,,,,,,,,,,N,1,1,0,2,A,-,03,22350,,F,G,B,E,A,H,-,B,D,0,Y,,,,Y,,A,01,0,0,0,1,0,0,0,0,0,-,-,,,"CONTRA COSTA",RICHMOND,-122.33454073,37.94517501
5403160,2011,2013-04-05,0710,2011-12-18,0124,1494,CENTR,7,5,5,0710,0,0,0,,0,004,"ESMOND AV","15TH ST",0.00,W,N,B,-,N,,,,,,,,,,Y,1,1,0,6,A,-,01,23152,A,N,E,I,A,A,H,-,C,A,0,,,,,Y,Y,A,01,0,0,0,0,0,0,0,0,0,-,-,,,"CONTRA COSTA",RICHMOND,-122.35556,37.94526
5405324,2011,2013-02-08,0710,2011-11-19,1059,1242,,6,5,5,0710,0,0,0,,0,,"GARRITY WY","HILLTOP MALL RD",15.00,S,N,B,-,N,,,,,,,,,,N,4,0,2,2,A,-,03,22350,,F,C,C,A,B,H,-,A,A,0,,,,,Y,,A,01,0,0,2,0,0,0,0,0,0,-,-,,,"CONTRA COSTA",RICHMOND,-122.32523973,37.97894343
5407107,2011,2013-05-21,9370,2011-11-17,1805,18719,,4,2,5,0710,0,1,1,,2,082,"RT 580","BAYVIEW AV",0.00,E,N,B,-,Y,CC,4,580,-,-,1.020,H,-,W,Y,4,0,2,3,A,-,07,21658,A,M,B,C,A,A,H,-,D,D,1,,,,,Y,,-,99,0,0,2,0,0,0,0,0,0,-,-,37.90498,-122.31786,"CONTRA COSTA",RICHMOND,-122.32131049,37.9090667
5408372,2011,2013-04-18,0710,2011-07-21,1915,,,4,5,5,0710,0,0,0,,0,,"EL PORTAL DR","VIA VERDE",10.00,W,N,A,-,N,,,,,,,,,,Y,4,0,2,2,A,-,03,22350,,N,C,C,A,A,H,-,A,A,0,,,,,Y,,A,01,0,0,2,0,0,0,0,0,0,-,-,37.96571,-122.32006,"CONTRA COSTA",RICHMOND,0,0
5412769,2011,2013-05-01,9370,2011-11-15,0845,19572,,2,1,5,0710,0,1,1,,2,082,RT80,"CENTRAL AV",1300.00,E,N,A,-,Y,CC,4,80,-,-,0.500,H,-,W,N,4,0,2,4,A,-,03,22350,,N,C,C,A,A,H,-,A,D,6,,,,,Y,,A,01,0,0,2,0,0,0,0,0,0,-,-,37.54154,-122.18476,"CONTRA COSTA",RICHMOND,-122.31328281,37.90430616
5416715,2011,2012-11-07,9370,2011-05-29,2248,019169,,7,3,5,0710,0,1,1,,2,058,"RT 580","REGATTA WY",393.00,E,N,A,-,Y,CC,4,580,-,R,2.020,H,-,W,Y,4,0,2,2,A,-,03,22350,,F,C,C,A,A,H,-,D,D,1,,,,,Y,,A,01,0,0,2,0,0,0,0,0,0,-,-,37.9197,-122.33199,"CONTRA COSTA",RICHMOND,-122.32857522,37.91715677
5416994,2011,2013-05-16,9370,2011-11-22,1730,14769,,2,2,5,0710,0,1,1,,2,082,"RT 80","CARLSON BL",1584.00,W,N,A,-,Y,CC,4,80,-,-,0.700,H,-,E,Y,4,0,1,2,A,-,07,21658,A,N,B,C,A,A,H,-,D,D,6,,,Y,,Y,,A,01,0,0,1,0,0,0,0,0,1,-,-,37.54247,-122.18534,"CONTRA COSTA",RICHMOND,-122.31440373,37.90629635
5418265,2011,2013-04-11,9370,2011-08-17,0915,018317,,3,1,5,0710,0,1,1,,2,082,"RT 80","SOLANO AV",1584.00,W,N,B,-,Y,CC,4,80,-,-,3.110,H,-,E,Y,3,0,1,1,A,-,03,22350,,N,E,J,A,A,H,-,A,D,6,,,Y,,Y,,C,02,0,1,0,0,0,0,0,0,1,-,-,37.94728,-122.38472,"CONTRA COSTA",RICHMOND,-122.32472602,37.93977123
5418266,2011,2013-04-11,9370,2011-08-22,1820,018878,,1,2,5,0710,0,1,1,,2,083,"RT 80","APPIAN WAY",1584.00,W,N,A,-,Y,CC,4,80,-,-,7.300,H,-,E,Y,4,0,1,2,A,-,03,22350,,N,C,C,A,A,H,-,A,D,6,,,,,Y,,A,07,0,0,1,0,0,0,0,0,0,-,-,37.9921,-122.30733,"CONTRA COSTA",RICHMOND,-122.30855732,37.99161334
5418283,2011,2013-04-11,9370,2011-09-23,1711,20257,,5,2,5,0710,0,1,1,,2,083,RT80,"EL PORTAL DR",270.00,E,N,A,-,Y,CC,4,80,-,-,5.330,H,-,E,Y,4,0,1,2,A,-,03,22350,,N,C,C,A,A,H,-,A,D,6,,,,,Y,,A,01,0,0,1,0,0,0,0,0,0,-,-,37.97126,-122.31986,"CONTRA COSTA",RICHMOND,-122.32127613,37.96777942
5418294,2011,2013-04-11,9370,2011-08-06,1300,020257,,6,1,5,0710,0,1,1,,2,082,"RT 80","CUTTING BL",156.00,E,N,A,-,Y,CC,4,80,-,-,2.100,H,-,E,Y,4,0,1,2,A,-,08,22107,,N,E,I,A,A,H,-,A,D,6,,,,,Y,,A,07,0,0,1,0,0,0,0,0,0,-,-,37.55333,-122.19158,"CONTRA COSTA",RICHMOND,-122.32240993,37.92797209
5422140,2011,2013-05-01,9370,2011-11-26,1730,20287,,6,2,5,0710,0,1,1,,2,082,"RT 80","CUTTING BL",2000.00,E,N,A,-,Y,CC,4,80,-,-,2.460,H,-,W,Y,4,0,3,2,A,-,07,21658,A,N,C,C,A,A,H,-,D,D,6,,,,,Y,,A,07,0,0,3,0,0,0,0,0,0,-,-,37.55487,-122.19281,"CONTRA COSTA",RICHMOND,-122.32474865,37.9307366
5422160,2011,2013-05-01,9370,2011-11-22,1600,19572,,2,2,5,0710,0,1,1,,2,082,"RT 80","SOLANO AV",6.00,W,N,A,-,Y,CC,4,80,-,-,3.331,R,3,W,N,3,0,1,2,A,-,10,21950,A,N,G,B,B,A,H,-,A,D,6,Y,,,,Y,,A,01,0,1,0,0,1,0,0,0,0,-,-,37.94328,-122.32419,"CONTRA COSTA",RICHMOND,-122.32405317,37.94179501
5425681,2011,2013-04-19,0710,2011-11-11,1523,1242,,5,5,5,0710,0,0,0,,0,,"MACDONALD AV","22ND ST",0.00,,Y,B,-,N,,,,,,,,,,Y,4,0,1,2,A,-,12,21453,A,N,D,C,A,B,H,-,A,A,0,,,,,Y,,A,01,0,0,1,0,0,0,0,0,0,-,-,,,"CONTRA COSTA",RICHMOND,-122.34859,37.93575
5425740,2011,2013-02-04,0710,2011-11-29,1550,1549,SOUTH,2,5,5,0710,0,0,0,,0,003,"CARLSON BL","SUTTER AV",0.00,,Y,A,-,N,,,,,,,,,,Y,4,0,1,2,A,-,08,22107,,N,A,C,A,A,H,-,A,D,0,,,,,Y,,-,-,0,0,1,0,0,0,0,0,0,-,-,,,"CONTRA COSTA",RICHMOND,-122.30959,37.90892
5425748,2011,2013-02-04,0710,2011-11-27,1222,1594,CENTR,7,5,5,0710,0,0,0,,0,006,"MACDONALD AV","16TH ST",153.00,E,N,A,-,N,,,,,,,,,,N,4,0,1,3,A,-,03,22350,,N,C,C,A,A,H,-,A,A,0,,,,,Y,,A,01,0,0,1,0,0,0,0,0,0,-,-,,,"CONTRA COSTA",RICHMOND,-122.3537725,37.93567501
5426512,2011,2013-02-08,9370,2011-08-02,1835,19436,,2,2,5,0710,0,1,1,,2,083,"RT 80","RICHMOND PKWY",665.00,E,N,A,-,Y,CC,4,80,-,-,6.860,H,-,E,Y,4,0,1,2,A,-,03,22350,,N,C,C,A,A,H,-,A,D,6,,,,,Y,,A,01,0,0,1,0,0,0,0,0,0,-,-,37.98856,-122.31276,"CONTRA COSTA",RICHMOND,-122.31165829,37.98974481
5426547,2011,2013-02-07,9370,2011-08-27,0310,20155,,6,3,5,0710,0,1,1,,2,083,"RT 80","EL PORTAL DR",700.00,E,N,A,-,Y,CC,4,80,-,-,5.410,H,-,W,Y,3,0,1,1,A,-,01,23152,A,N,E,I,A,A,H,-,C,D,6,,,,,Y,Y,A,01,0,1,0,0,0,0,0,0,0,-,-,37.9141,-122.31939,"CONTRA COSTA",RICHMOND,-122.32036532,37.97077294
5426990,2011,2013-04-15,9370,2011-09-08,1025,018954,,4,1,5,0710,0,1,1,,2,058,"RT 580","MARINA BAY PKWY",417.00,W,N,A,-,Y,CC,4,580,-,R,2.970,H,-,E,Y,3,0,1,1,A,-,08,22107,,N,E,I,A,A,H,-,A,D,1,,,,,Y,,A,01,0,1,0,0,0,0,0,0,0,-,-,,,"CONTRA COSTA",RICHMOND,-122.34818265,37.92174248
5427021,2011,2013-04-11,9370,2011-09-17,0015,020215,,6,3,5,0710,0,1,1,,2,082,"RT 80","PABLO AV",40.00,W,N,A,-,Y,ALA,4,80,-,-,2.950,H,-,E,Y,2,0,1,2,A,-,07,21658,A,N,B,C,A,A,H,-,D,D,6,,,Y,,Y,,C,02,1,0,0,0,0,0,0,0,1,-,-,37.9371,-122.36167,"CONTRA COSTA",RICHMOND,-122.32606809,37.93730139
5429762,2011,2013-01-17,0710,2011-11-08,0730,,,2,5,5,0710,0,0,0,,0,,"BARRETT AV","39TH AV",20.00,W,N,A,-,N,,,,,,,,,,N,4,0,2,2,A,-,08,22107,,N,B,E,A,A,H,-,A,D,0,,,,,Y,,J,48,0,0,2,0,0,0,0,0,0,-,-,37.56104,-122.19552,"CONTRA COSTA",RICHMOND,-122.33199159,37.93630407
5430436,2011,2013-04-24,9370,2011-11-17,0800,019572,,4,1,5,0710,0,1,1,,2,082,"RT 80","SAN PABLO DAM RD",150.00,W,N,A,-,Y,CC,4,80,-,-,4.310,H,-,W,N,4,0,1,2,A,-,03,22350,,N,C,C,A,A,H,-,A,D,6,,,,,Y,,A,01,0,0,1,0,0,0,0,0,0,-,-,37.95341,-122.32866,"CONTRA COSTA",RICHMOND,-122.32982559,37.95564132
5433242,2011,2013-04-24,9370,2011-12-07,0720,019561,,3,1,5,0710,0,1,1,,2,083,"RT 80","SAN PABLO DAM RD",900.00,E,N,A,-,Y,CC,4,80,-,-,4.510,H,-,W,Y,4,0,1,2,A,-,07,21658,A,N,B,C,A,A,H,-,A,D,6,,,Y,,Y,,A,08,0,0,1,0,0,0,0,0,1,-,-,37.95946,-122.33087,"CONTRA COSTA",RICHMOND,-122.33046878,37.96045429
5433270,2011,2013-04-24,9370,2011-12-03,0400,020215,,6,3,5,0710,0,1,1,,2,082,"RT 80","MCBRYDE AV",300.00,W,N,A,-,Y,CC,4,80,-,-,3.740,H,-,W,Y,2,0,4,2,A,-,08,22107,,N,E,I,A,A,H,-,D,D,6,,,,,Y,,A,01,1,1,2,0,0,0,0,0,0,-,-,37.94671,-122.32535,"CONTRA COSTA",RICHMOND,-122.32597928,37.94827636
5433408,2011,2013-01-16,0710,2011-10-09,1810,1636,SOUTH,7,5,5,0710,0,0,0,,0,001,"MARINA BAY PKWY","SPINNAKER WY",0.00,,Y,A,-,N,,,,,,,,,,Y,4,0,1,2,A,-,12,22450,A,N,A,C,A,A,H,-,A,D,0,,,,,Y,,-,-,0,0,1,0,0,0,0,0,0,-,-,,,"CONTRA COSTA",RICHMOND,-122.34416,37.9136
5433412,2011,2013-01-16,0710,2011-10-12,1054,1324,CENTR,3,5,5,0710,0,0,0,,0,004,"GAYNOR AV","15TH ST",0.00,,Y,A,-,N,,,,,,,,,,N,4,0,1,2,A,-,09,21802,A,N,D,C,A,A,H,-,A,A,0,,,,,Y,,A,01,0,0,1,0,0,0,0,0,0,-,-,,,"CONTRA COSTA",RICHMOND,-122.35557,37.94453
5434244,2011,2013-01-16,0710,2011-11-16,1535,1636,CENTR,3,5,5,0710,0,0,0,,0,005,"CASTRO ST","HENSLEY ST",0.00,,Y,A,-,N,,,,,,,,,,Y,4,0,1,2,A,-,03,22350,,N,C,C,A,A,H,-,A,A,0,,,,,Y,,A,01,0,0,1,0,0,0,0,0,0,-,-,,,"CONTRA COSTA",RICHMOND,-122.37172,37.94695
5434248,2011,2013-01-16,0710,2011-11-16,0605,1637,SOUTH,3,5,5,0710,0,0,0,,0,002,"CUTTING BL","MARINA WY S",0.00,,Y,A,-,N,,,,,,,,,,Y,3,0,2,2,A,-,09,21801,A,N,D,C,A,A,H,-,B,A,0,,,,,Y,,-,-,0,1,1,0,0,0,0,0,0,-,-,,,"CONTRA COSTA",RICHMOND,-122.3559,37.92522
5434249,2011,2013-01-22,0710,2011-11-11,1701,1242,,5,5,5,0710,0,0,0,,0,,"MACDONALD AV","25TH ST",50.00,E,N,B,-,N,,,,,,,,,,Y,4,0,1,2,A,-,03,22350,,F,C,C,A,B,H,-,A,D,0,,,,,Y,,A,08,0,0,1,0,0,0,0,0,0,-,-,,,"CONTRA COSTA",RICHMOND,-122.34531238,37.93544118
5434252,2011,2013-01-16,0710,2011-11-15,1441,1494,NORTH,2,5,5,0710,0,0,0,,0,008,"RICHMOND PKWY","GOODRICK AV",0.00,,Y,A,-,N,,,,,,,,,,Y,4,0,2,2,A,-,01,23152,A,N,C,C,A,A,H,-,A,A,0,,,,,Y,Y,A,01,0,0,2,0,0,0,0,0,0,-,-,,,"CONTRA COSTA",RICHMOND,-122.36528,37.97421
5434264,2011,2013-01-16,0710,2011-11-14,1938,1454,CENTR,1,5,5,0710,0,0,0,,0,005,"RICHMOND PKWY","LIGHT STANDARD 12822",128.00,N,N,A,-,N,,,,,,,,,,Y,4,0,1,2,A,-,03,22350,,N,C,D,A,A,H,-,E,D,0,,,,,Y,,-,-,0,0,1,0,0,0,0,0,0,-,-,,,"CONTRA COSTA",RICHMOND,0,0
5434319,2011,2013-01-16,0710,2011-11-18,1242,1494,NORTH,5,5,5,0710,0,0,0,,0,007,"MACDONALD AV","CIVIC CENTER PLZ",0.00,,Y,C,-,N,,,,,,,,,,Y,3,0,2,2,A,-,09,21802,A,N,D,C,A,B,H,-,A,D,0,,,,,Y,,A,01,0,1,1,0,0,0,0,0,0,-,-,,,"CONTRA COSTA",RICHMOND,-122.34461,37.93534
5435377,2011,2013-02-22,0710,2011-12-02,0028,1274,NORTH,5,5,5,0710,0,0,0,,0,SEVEN,"SAN PABLO AV","BARRETT AV",27.00,S,N,A,-,N,,,,,,,,,,N,4,0,3,2,A,-,01,23152,A,F,C,C,A,A,H,-,C,A,0,,,,,Y,Y,-,-,0,0,3,0,0,0,0,0,0,-,-,,,"CONTRA COSTA",RICHMOND,-122.32511056,37.93526107