CASE_ID,ACCIDENT_YEAR,PROC_DATE,JURIS,COLLISION_DATE,COLLISION_TIME,OFFICER_ID,REPORTING_DISTRICT,DAY_OF_WEEK,CHP_SHIFT,POPULATION,CNTY_CITY_LOC,SPECIAL_COND,BEAT_TYPE,CHP_BEAT_TYPE,CITY_DIVISION_LAPD,CHP_BEAT_CLASS,BEAT_NUMBER,PRIMARY_RD,SECONDARY_RD,DISTANCE,DIRECTION,INTERSECTION,WEATHER_1,WEATHER_2,STATE_HWY_IND,CALTRANS_COUNTY,CALTRANS_DISTRICT,STATE_ROUTE,ROUTE_SUFFIX,POSTMILE_PREFIX,POSTMILE,LOCATION_TYPE,RAMP_INTERSECTION,SIDE_OF_HWY,TOW_AWAY,COLLISION_SEVERITY,NUMBER_KILLED,NUMBER_INJURED,PARTY_COUNT,PRIMARY_COLL_FACTOR,PCF_CODE_OF_VIOL,PCF_VIOL_CATEGORY,PCF_VIOLATION,PCF_VIOL_SUBSECTION,HIT_AND_RUN,TYPE_OF_COLLISION,MVIW,PED_ACTION,ROAD_SURFACE,ROAD_COND_1,ROAD_COND_2,LIGHTING,CONTROL_DEVICE,CHP_ROAD_TYPE,PEDESTRIAN_ACCIDENT,BICYCLE_ACCIDENT,MOTORCYCLE_ACCIDENT,TRUCK_ACCIDENT,NOT_PRIVATE_PROPERTY,ALCOHOL_INVOLVED,STWD_VEHTYPE_AT_FAULT,CHP_VEHTYPE_AT_FAULT,COUNT_SEVERE_INJ,COUNT_VISIBLE_INJ,COUNT_COMPLAINT_PAIN,COUNT_PED_KILLED,COUNT_PED_INJURED,COUNT_BICYCLIST_KILLED,COUNT_BICYCLIST_INJURED,COUNT_MC_KILLED,COUNT_MC_INJURED,PRIMARY_RAMP,SECONDARY_RAMP,LATITUDE,LONGITUDE,COUNTY,CITY,POINT_X,POINT_Y
5887510,2012,2013-12-23,9370,2012-10-31,0630,019572,,3,1,5,0710,0,1,1,,2,083,RT80,"EL PORTAL DR",700.00,W,N,B,C,Y,CC,4,80,-,-,5.120,H,-,W,N,4,0,1,3,A,-,03,22350,,N,C,C,A,B,H,-,C,D,6,,,,,Y,,A,07,0,0,1,0,0,0,0,0,0,-,-,37.96479,-122.32056,"CONTRA COSTA",RICHMOND,-122.32218538,37.96666383
5887513,2012,2013-12-26,9370,2012-10-25,1501,020257,,4,2,5,0710,0,1,1,,2,082,RT80,"CARLSON BL",191.00,E,N,A,-,Y,CC,4,80,-,-,1.187,R,1,W,Y,3,0,3,4,A,-,03,22350,,N,C,C,A,A,H,-,A,A,6,,,,,Y,,A,07,0,1,2,0,0,0,0,0,0,-,-,37.91186,-122.31784,"CONTRA COSTA",RICHMOND,-122.31758317,37.91444501
5887514,2012,2013-12-23,9370,2012-10-18,1305,017736,,4,1,5,0710,0,1,1,,2,057,"RT 580","REGATTA WY",554.00,W,N,A,-,Y,CC,4,580,-,R,2.190,H,-,W,Y,4,0,2,1,A,-,08,22107,,N,E,I,A,A,H,-,A,D,1,,,,,Y,,A,01,0,0,2,0,0,0,0,0,0,-,-,37.92116,-122.33501,"CONTRA COSTA",RICHMOND,-122.33423307,37.92082389
5887515,2012,2013-12-23,9370,2012-10-17,0940,019561,,3,1,5,0710,0,1,1,,2,082,RT80,"MACDONALD AV",1500.00,W,N,A,-,Y,CC,4,80,-,-,2.340,H,-,W,Y,2,0,1,2,A,-,07,21658,A,N,B,C,A,A,H,-,A,D,6,,,,,Y,,A,01,1,0,0,0,0,0,0,0,0,-,-,37.92823,-122.32294,"CONTRA COSTA",RICHMOND,-122.32402805,37.92965359
5887520,2012,2013-12-23,9370,2012-10-29,0820,019572,,1,1,5,0710,0,1,1,,2,083,RT80,"HILLTOP DR",380.00,E,N,B,-,Y,CC,4,80,-,-,6.060,H,-,W,N,4,0,1,2,A,-,03,22350,,N,C,C,A,A,H,-,A,D,6,,,,,Y,,A,01,0,0,1,0,0,0,0,0,0,-,-,37.58387,-122.19055,"CONTRA COSTA",RICHMOND,-122.31825118,37.97694546
5887524,2012,2013-12-26,9370,2012-10-24,1822,019812,,3,2,5,0710,0,3,5,,2,010,"GROVE AV","5TH ST",0.00,,Y,B,-,Y,,,,,,,,,,Y,4,0,1,2,A,-,09,21800,A,N,D,C,A,A,H,-,B,A,0,,,,,Y,,A,01,0,0,1,0,0,0,0,0,0,-,-,37.95609,-122.36419,"CONTRA COSTA",RICHMOND,-122.36425315,37.95617488
5887701,2012,2013-12-28,9370,2012-11-07,0835,20129,,3,1,5,0710,0,1,1,,2,083,"RT 80","HILLTOP DR",1400.00,W,N,A,-,Y,CC,4,80,-,-,5.720,H,-,W,N,4,0,1,2,A,-,03,22350,,N,C,C,A,A,H,-,A,D,6,,,,,Y,,A,01,0,0,1,0,0,0,0,0,0,-,-,37.97252,-122.31995,"CONTRA COSTA",RICHMOND,-122.31984743,37.97229816
5887704,2012,2013-12-28,9370,2012-11-05,1020,18837,,1,1,5,0710,0,1,1,,2,058,"RT 580","23RD AV",638.00,E,N,A,-,Y,CC,4,580,-,R,2.770,H,-,E,Y,4,0,1,1,A,-,08,22107,,N,E,I,A,A,H,-,A,D,1,,,,,Y,,A,01,0,0,1,0,0,0,0,0,0,-,-,37.55152,-122.21006,"CONTRA COSTA",RICHMOND,-122.34405308,37.92159081
5887710,2012,2013-12-28,9370,2012-11-01,1410,19852,,4,2,5,0710,0,1,1,,2,082,"RT 80","MACDONALD AV",569.00,W,N,A,-,Y,CC,4,80,-,-,2.510,H,-,W,Y,4,0,1,2,A,-,07,21658,A,F,B,C,A,A,H,-,A,D,6,,,,,Y,,A,01,0,0,1,0,0,0,0,0,0,-,-,37.5555,-122.1934,"CONTRA COSTA",RICHMOND,-122.32506733,37.93118056
5889361,2012,2014-01-09,0710,2012-12-01,0401,1635,CENTR,6,5,5,0710,0,0,0,,0,004,"DUNN AV","TELEPHONE POLE 110421734",10.00,W,N,C,-,N,,,,,,,,,,Y,2,0,2,2,A,-,01,23152,A,N,E,I,A,B,H,-,C,D,0,,,,,Y,Y,A,01,1,0,1,0,0,0,0,0,0,-,-,,,"CONTRA COSTA",RICHMOND,0,0
5889389,2012,2014-03-13,0710,2012-12-03,0823,1600,N,1,5,5,0710,0,0,0,,0,007,"MARICOPA AV","27TH ST",120.00,E,N,A,-,N,,,,,,,,,,Y,4,0,1,2,A,-,09,21804,A,N,D,C,A,A,H,-,A,D,0,,,,,Y,,A,01,0,0,1,0,0,0,0,0,0,-,-,,,"CONTRA COSTA",RICHMOND,0,0
5889393,2012,2014-01-09,0710,2012-12-06,1527,1133,5,4,5,5,0710,0,0,0,,0,CENTRA,"HARBOUR WAY","ROOSEVELT AVE",0.00,,Y,B,-,N,,,,,,,,,,N,4,0,1,2,A,-,10,21950,A,N,G,B,B,A,H,-,A,A,0,Y,,,,Y,,A,07,0,0,1,0,1,0,0,0,0,-,-,,,"CONTRA COSTA",RICHMOND,-122.3600032,37.93998496
5889397,2012,2014-01-09,0710,2012-12-05,2215,1133,CENTR,3,5,5,0710,0,0,0,,0,001,"ROOSEVELT AV","22ND ST",0.00,,Y,A,-,N,,,,,,,,,,N,4,0,1,2,A,-,10,21950,A,F,G,B,B,A,H,-,C,A,0,Y,,,,Y,,-,99,0,0,1,0,1,0,0,0,0,-,-,,,"CONTRA COSTA",RICHMOND,-122.34855313,37.9399849
5889401,2012,2014-03-28,0710,2012-12-10,2319,1224,,1,5,5,0710,0,0,0,,0,003,"CARSON BL","45TH ST",0.00,,Y,-,-,N,,,,,,,,,,Y,3,0,2,2,A,-,-,,,N,D,C,A,-,-,-,D,-,0,,,,,Y,,A,01,0,1,1,0,0,0,0,0,0,-,-,,,"CONTRA COSTA",RICHMOND,-122.32933319,37.9186249
5889405,2012,2014-01-10,0710,2012-12-11,0829,1660,SOUTH,2,5,5,0710,0,0,0,,0,002,"FLORIDA AV","12TH ST",0.00,,Y,A,-,N,,,,,,,,,,Y,4,0,1,2,A,-,05,21650,,N,B,C,A,A,H,-,A,A,0,,,,,Y,,-,-,0,0,1,0,0,0,0,0,0,-,-,,,"CONTRA COSTA",RICHMOND,-122.35806311,37.92944493
5889409,2012,2014-01-09,0710,2012-12-03,1242,1646,,1,5,5,0710,0,0,0,,0,005,"RICHMOND PKWY","GERTRUDE AV",105.00,N,N,B,-,N,,,,,,,,,,Y,4,0,1,2,A,-,03,22350,,N,C,C,A,B,H,-,A,A,0,,,,,Y,,-,-,0,0,1,0,0,0,0,0,0,-,-,,,"CONTRA COSTA",RICHMOND,-122.37371076,37.9543234
5891317,2012,2014-01-09,9370,2012-11-27,0815,19783,,2,1,5,0710,0,1,1,,2,082,"RT 80","CARLSON BL",1800.00,W,N,A,-,Y,CC,4,80,-,-,0.660,H,-,W,Y,4,0,1,3,A,-,03,22350,,N,C,C,A,A,H,-,A,D,6,,,,,Y,,D,22,0,0,1,0,0,0,0,0,0,-,-,33.75423,-122.18529,"CONTRA COSTA",RICHMOND,-122.31392881,37.90529392
5891320,2012,2014-01-14,9370,2012-12-03,1840,20215,,1,2,5,0710,0,1,1,,2,083,"RT 80","RICHMOND PKWY",1000.00,E,N,A,-,Y,CC,4,80,-,-,6.930,H,-,W,Y,3,0,1,2,A,-,01,23152,A,N,B,C,A,A,H,-,D,D,6,,,,,Y,Y,D,22,0,1,0,0,0,0,0,0,0,-,-,37.98934,-122.31262,"CONTRA COSTA",RICHMOND,-122.31099818,37.99040065
5891334,2012,2014-01-14,9370,2012-12-03,0835,19783,,1,1,5,0710,0,1,1,,2,082,"RT 80","CARLSON BL",2600.00,W,N,A,-,Y,CC,4,80,-,-,0.510,H,-,W,N,4,0,1,3,A,-,03,22350,,N,C,C,A,A,H,-,A,D,6,,,,,Y,,D,22,0,0,1,0,0,0,0,0,0,-,-,37.54157,-122.18477,"CONTRA COSTA",RICHMOND,-122.31332319,37.9043679
5891361,2012,2014-01-14,9370,2012-12-11,1551,19852,,2,2,5,0710,0,1,1,,2,083,"RT 80","EL PORTAL DR",18.00,E,N,A,-,Y,CC,4,80,-,-,5.449,R,1,W,Y,4,0,1,2,A,-,03,22350,,N,C,C,A,A,H,-,A,D,6,,,,,Y,,D,22,0,0,1,0,0,0,0,0,0,TO,-,37.9665,-122.323,"CONTRA COSTA",RICHMOND,-122.32018317,37.97134501
5897465,2012,2013-12-23,0710,2012-10-23,1916,1586,NORTH,2,5,5,0710,0,0,0,,0,007,"37TH ST","NEVIN AV",11.00,N,N,A,-,N,,,,,,,,,,N,2,0,1,2,A,-,11,21950,B,N,G,B,E,A,H,-,C,D,0,Y,,,,Y,,N,60,1,0,0,0,1,0,0,0,0,-,-,,,"CONTRA COSTA",RICHMOND,-122.33400661,37.93503472
5901206,2012,2014-01-17,0710,2012-12-06,1527,1494,,4,5,5,0710,0,0,0,,0,009,"BUCKBOARD WY","WAGONWHEEL WY",0.00,W,-,B,-,N,,,,,,,,,,N,4,0,1,2,A,-,01,23152,A,N,B,E,A,A,H,-,A,D,0,,,,,Y,Y,A,01,0,0,1,0,0,0,0,0,0,-,-,,,"CONTRA COSTA",RICHMOND,-122.25019308,37.96461487
5901210,2012,2014-01-16,0710,2012-12-16,1726,1546,,7,5,5,0710,0,0,0,,0,007,"BOYD AV","SOLANO AV",54.00,S,-,C,-,N,,,,,,,,,,Y,4,0,1,2,A,-,-,,,N,A,C,A,B,H,-,C,D,0,,,,,Y,,-,-,0,0,1,0,0,0,0,0,0,-,-,,,"CONTRA COSTA",RICHMOND,-122.33202403,37.94266626
5901214,2012,2014-01-17,0710,2012-12-08,0406,1583,,6,5,5,0710,0,0,0,,0,008,"GIANT HWY","LIGHT POLE SEC 5/AB-GC2344",0.00,,N,A,-,N,,,,,,,,,,Y,3,0,1,1,A,-,03,22350,,N,E,I,A,A,H,-,C,D,0,,,,,Y,,A,01,0,1,0,0,0,0,0,0,0,-,-,,,"CONTRA COSTA",RICHMOND,0,0
5910027,2012,2013-05-03,0710,2012-08-04,1207,1324,SOUTH,6,5,5,0710,0,0,0,,0,001,"CUTTING BL","HARBOUR WY",0.00,,Y,B,-,N,,,,,,,,,,Y,1,1,0,3,A,-,12,21453,A,N,D,C,A,A,H,-,A,A,0,,,,,Y,,A,07,0,0,0,0,0,0,0,0,0,-,-,,,"CONTRA COSTA",RICHMOND,-122.36010309,37.92524496
5931846,2012,2014-03-18,0710,2012-12-28,1636,1494,NORTH,5,5,5,0710,0,0,0,,0,008,"BLUME DR","HILLTOP DR",0.00,N,N,A,-,N,,,,,,,,,,N,4,0,1,2,A,-,03,22350,,F,C,C,A,A,H,-,C,A,0,,,,,Y,,A,01,0,0,1,0,0,0,0,0,0,-,-,,,"CONTRA COSTA",RICHMOND,-122.32431315,37.97681489
5931850,2012,2014-01-16,0710,2012-12-28,1635,1494,NORTH,5,5,5,0710,0,0,0,,0,008,"GARRITY WY","BLUME DR",0.00,W,N,A,-,N,,,,,,,,,,N,4,0,1,2,A,-,03,22350,,F,C,C,A,A,H,-,C,A,0,,,,,Y,,A,01,0,0,1,0,0,0,0,0,0,-,-,,,"CONTRA COSTA",RICHMOND,-122.32421319,37.97837487
5935137,2012,2014-01-11,0710,2012-12-24,1710,1220,SOUTH,1,5,5,0710,0,0,0,,0,002,"OHIO AV","S 17TH ST",0.00,,Y,A,-,N,,,,,,,,,,N,4,0,1,2,A,-,09,21802,B,F,D,C,A,A,H,-,B,A,0,,,,,Y,,-,-,0,0,1,0,0,0,0,0,0,-,-,,,"CONTRA COSTA",RICHMOND,-122.35311316,37.93079487
5935141,2012,2014-01-16,0710,2012-12-22,2142,1426,NORTH,6,5,5,0710,0,0,0,,0,008,"HILL POP MALL RD","HILL POP ALL RD",0.00,,N,C,-,N,,,,,,,,,,Y,4,0,2,2,A,-,09,21804,A,N,D,C,A,B,H,-,C,D,0,,,,,Y,,A,,0,0,2,0,0,0,0,0,0,-,-,,,"CONTRA COSTA",RICHMOND,0,0
5935145,2012,2014-01-15,0710,2012-12-23,1152,1637,CENTA,7,5,5,0710,0,0,0,,0,006,"RICHMOND PKWY","MACDONALD AV",0.00,,N,C,-,N,,,,,,,,,,Y,3,0,1,1,A,-,03,22350,,N,A,I,A,B,H,-,A,D,0,,,,,Y,,-,-,0,1,0,0,0,0,0,0,0,-,-,,,"CONTRA COSTA",RICHMOND,0,0
5935149,2012,2014-01-15,0710,2012-12-23,1115,1606,NORTH,7,5,5,0710,0,0,0,,0,008,"RICHMOND PKWY","BLUME DR",1500.00,W,N,C,-,N,,,,,,,,,,Y,4,0,1,1,C,-,18,,,N,E,J,A,B,H,-,A,D,0,,,,,Y,,-,-,0,0,1,0,0,0,0,0,0,-,-,,,"CONTRA COSTA",RICHMOND,-122.32179498,37.98873275
5935445,2012,2014-04-01,0710,2012-12-26,0620,1600,NORTH,3,5,5,0710,0,0,0,,0,007,"SAN PABLO AV","CLINTON AV",0.00,,Y,C,-,N,,,,,,,,,,N,4,0,1,2,A,-,10,21950,A,F,G,B,B,B,H,-,C,A,0,Y,,,,Y,,-,-,0,0,1,0,1,0,0,0,0,-,-,,,"CONTRA COSTA",RICHMOND,-122.32750309,37.9404049
5935449,2012,2014-01-13,0710,2012-12-26,1133,1494,NORTH,3,5,5,0710,0,0,0,,0,007,"MACDONALD AV","300 MACDONALD AV",0.00,,Y,A,-,N,,,,,,,,,,N,4,0,1,2,A,-,05,21650,1,N,D,G,A,A,H,-,A,D,0,,Y,,,Y,,L,04,0,0,1,0,0,0,1,0,0,-,-,,,"CONTRA COSTA",RICHMOND,0,0
5935485,2012,2014-04-01,0710,2012-12-01,1232,1637,NORTH,6,5,5,0710,0,0,0,,0,007,"ESMOND AV","LASSEN ST",95.00,W,N,B,C,N,,,,,,,,,,N,4,0,1,2,A,-,21,22106,,N,G,B,F,B,H,-,A,D,0,Y,,,,Y,,-,-,0,0,1,0,1,0,0,0,0,-,-,,,"CONTRA COSTA",RICHMOND,-122.32823977,37.94602917
5935489,2012,2014-03-26,0710,2012-12-15,2148,1623,NORTH,6,5,5,0710,0,0,0,,0,007,"23RD ST","GARVIN AV",33.00,S,N,B,G,N,,,,,,,,,,N,4,0,1,2,-,-,-,,,F,G,B,B,B,H,-,C,A,0,Y,,,,Y,,-,-,0,0,1,0,1,0,0,0,0,-,-,,,"CONTRA COSTA",RICHMOND,-122.34751322,37.94373431
5935493,2012,2014-01-13,0710,2012-12-20,1042,1494,SOUTH,4,5,5,0710,0,0,0,,0,003,"CARLSON BL","CARLSON BL 800",0.00,,N,B,-,N,,,,,,,,,,Y,3,0,1,1,A,-,01,23152,A,N,E,I,A,A,H,-,A,D,0,,,,,Y,Y,A,01,0,1,0,0,0,0,0,0,0,-,-,,,"CONTRA COSTA",RICHMOND,0,0
5935497,2012,2014-01-14,0710,2012-12-31,1330,1659,SOUTH,1,5,5,0710,0,0,0,,0,001,"CASTRO ST","REDWOOD WY",0.00,,Y,A,-,N,,,,,,,,,,Y,4,0,1,2,A,-,07,21658,A,F,B,C,A,A,H,-,A,A,0,,,,,Y,,-,-,0,0,1,0,0,0,0,0,0,-,-,,,"CONTRA COSTA",RICHMOND,0,0
5936888,2012,2014-01-15,9370,2012-12-27,1815,20107,,4,2,5,0710,0,1,1,,2,082,"RT 80","SAN PABLO AV",790.00,E,N,A,-,Y,CC,4,80,-,-,3.140,H,-,E,N,4,0,3,2,A,-,03,22350,,N,C,C,A,A,H,-,D,D,6,,,,,Y,,A,01,0,0,3,0,0,0,0,0,0,-,-,37.93943,-122.32486,"CONTRA COSTA",RICHMOND,-122.32466417,37.93991334
5936956,2012,2014-01-15,9370,2012-12-27,0615,19852,,4,1,5,0710,0,3,5,,2,010,"RICHMOND PKWY","PARR BL",70.00,S,N,A,-,N,,,,,,,,,,N,4,0,1,2,A,-,07,21658,A,N,B,C,A,A,H,-,C,D,0,,,,,Y,,A,01,0,0,1,0,0,0,0,0,0,-,-,37.9674,-122.3735,"CONTRA COSTA",RICHMOND,-122.37378381,37.96753281
5956077,2012,2013-12-14,0710,2012-10-28,0608,1586,,7,5,5,0710,0,0,0,,0,008,"RICHMOND PKWY","PG&E POLE #12999",259.00,W,N,A,-,N,,,,,,,,,,Y,2,0,1,1,A,-,03,22350,,N,E,I,A,A,H,-,D,-,0,,,,,Y,,A,01,1,0,0,0,0,0,0,0,0,-,-,,,"CONTRA COSTA",RICHMOND,0,0
5961855,2012,2014-01-14,9370,2012-12-14,2310,02035,,5,3,5,0710,0,1,1,,2,082,RT80,"SOLANO AV",1500.00,W,N,B,-,Y,CC,4,80,-,-,3.130,H,-,E,Y,2,0,2,1,A,-,01,23152,A,N,A,J,A,A,H,-,C,D,6,,,,,Y,Y,A,01,2,0,0,0,0,0,0,0,0,-,-,37.93955,-122.34909,"CONTRA COSTA",RICHMOND,-122.32468479,37.93986597
5961915,2012,2014-01-14,9370,2012-12-21,0035,020145,,5,3,5,0710,0,1,1,,2,082,RT80,"SAN PABLO AV",230.00,E,N,A,-,Y,CC,4,80,-,-,3.030,H,-,E,Y,3,0,1,1,A,-,08,22107,,N,E,I,A,A,H,-,C,D,6,,,,,Y,,A,01,0,1,0,0,0,0,0,0,0,-,-,37.56165,-122.19321,"CONTRA COSTA",RICHMOND,-122.32517095,37.93895427
5962123,2012,2014-04-03,9370,2012-12-09,0315,018843,,7,3,5,0710,0,1,1,,2,083,"RT 80","HILLTOP DR",1584.00,W,N,A,-,Y,CC,4,80,-,-,5.690,H,-,W,Y,3,0,1,2,A,-,03,22350,,N,C,C,A,A,H,-,C,D,6,,,,,Y,,A,01,0,1,0,0,0,0,0,0,0,-,-,37.58183,-122.19123,"CONTRA COSTA",RICHMOND,-122.31988326,37.97219236
5971053,2012,2013-12-30,9370,2012-11-18,0149,19059,,7,3,5,0710,0,1,1,,2,058,"RT 580","CUTTING BL",892.00,W,N,B,-,Y,CC,4,580,-,R,3.960,H,-,E,Y,2,0,1,1,A,-,01,23152,A,N,E,I,A,A,H,-,-,D,1,,,,,Y,Y,A,01,1,0,0,0,0,0,0,0,0,-,-,37.55353,-122.21564,"CONTRA COSTA",RICHMOND,-122.36648512,37.92668457
5971069,2012,2013-12-30,9370,2012-11-17,2222,19059,,6,3,5,0710,0,1,1,,2,082,RT80,"CARLSON AV",1311.00,W,N,B,-,Y,CC,4,80,-,-,0.750,H,-,W,Y,4,0,1,3,A,-,03,22350,,N,C,C,A,B,H,-,E,D,6,,,,,Y,,A,01,0,0,1,0,0,0,0,0,0,-,-,37.54276,-122.85672,"CONTRA COSTA",RICHMOND,-122.31429219,37.90584953
6013906,2012,2014-01-15,9320,2012-12-04,1847,18371,,2,2,5,0710,0,2,4,,2,012,"SAN PABLO DAM RD","RT 80",250.00,E,N,B,-,Y,CC,4,80,-,-,4.583,R,4,E,Y,4,0,1,2,A,-,03,22350,,M,C,C,A,B,H,-,C,A,0,,,,,Y,Y,A,01,0,0,1,0,0,0,0,0,0,-,-,,,"CONTRA COSTA",RICHMOND,-122.33041317,37.96015501
6113153,2012,2013-12-26,9370,2012-11-24,1553,020257,,6,2,5,0710,0,1,1,,2,082,RT80,"BARRETT AV",465.00,W,N,A,-,Y,CC,4,80,-,-,2.730,H,-,W,Y,4,0,1,1,A,-,08,22107,,N,E,I,A,A,H,-,A,D,6,,,,,Y,,A,01,0,0,1,0,0,0,0,0,0,-,-,37.93464,-122.3271,"CONTRA COSTA",RICHMOND,-122.32653282,37.93326054
5639974,2013,2013-05-15,9370,2013-02-09,1312,019887,,6,1,5,0710,0,1,1,,2,082,"RT 80","CENTRAL AV",1500.00,E,N,A,-,Y,CC,4,80,-,-,0.540,H,-,W,Y,1,1,1,2,A,-,07,21658,A,N,B,C,A,A,H,-,A,D,6,,,,,Y,,D,22,0,1,0,0,0,0,0,0,0,-,-,37.90342,-122.31259,"CONTRA COSTA",RICHMOND,-122.3134443,37.9045531
5910553,2013,2013-06-28,0710,2013-05-20,0811,1584,0710,1,5,5,0710,0,0,0,,0,008,"RICHMOND PKWY","HILLTOP DR",0.00,,Y,A,-,N,,,,,,,,,,Y,1,1,4,1,A,-,08,22107,,N,F,A,A,A,H,-,A,A,0,,,,,Y,Y,A,07,1,3,0,0,0,0,0,0,0,-,-,,,"CONTRA COSTA",RICHMOND,0,0
5911807,2013,2013-12-26,9370,2013-11-29,0024,20475,,5,3,5,0710,0,1,1,,2,082,"RT 80","SOLANO AV",275.00,W,N,B,-,Y,CC,4,80,-,-,3.360,H,-,W,Y,1,1,0,4,A,-,11,21953,,F,G,B,E,A,H,-,D,D,6,Y,,,,Y,,N,60,0,0,0,1,0,0,0,0,0,-,-,37.94372,-122.3238,"CONTRA COSTA",RICHMOND,-122.3239304,37.9422661
5911891,2013,2015-01-12,9370,2013-11-02,2145,20149,,6,2,5,0710,0,1,1,,2,058,"RT 580","HARBOUR WAY SOUTH",200.00,W,N,A,-,Y,CC,4,580,-,R,3.640,H,-,W,N,1,1,0,4,A,-,11,21954,A,N,G,B,D,A,H,-,D,D,1,Y,,,,Y,,N,60,0,0,0,1,0,0,0,0,0,-,-,37.92437,-122.36131,"CONTRA COSTA",RICHMOND,-122.3589294,37.9230566
5912048,2013,2014-02-06,9370,2013-07-28,2213,20183,,7,3,5,0710,0,1,1,,2,057,"RT 580","CENTRAL AV",602.00,W,N,A,-,Y,CC,4,580,-,-,0.260,H,-,W,Y,1,1,0,1,A,-,01,23152,A,N,E,I,A,A,H,-,D,D,1,,,,,Y,Y,A,01,0,0,0,0,0,0,0,0,0,-,-,37.54617,-122.18536,"CONTRA COSTA",RICHMOND,-122.3143453,37.9006014
5912848,2013,2014-01-21,9370,2013-01-14,1520,019572,,1,2,5,0710,1,4,S,,2,901,"POTRERO AV","CARLSON BL",24.00,E,N,A,-,N,,,,,,,,,,N,3,0,1,2,A,-,17,21200,,N,B,G,A,A,H,-,A,A,0,,Y,,,Y,Y,L,04,0,1,0,0,0,0,1,0,0,-,-,37.55175,-122.19577,"CONTRA COSTA",RICHMOND,-122.3329445,37.9214164
5912856,2013,2014-01-21,9370,2013-01-09,1827,020235,,3,2,5,0710,1,4,S,,2,901,"BARRETT AV","MARINA WY",40.00,N,N,B,-,N,,,,,,,,,,N,4,0,2,2,A,-,03,22350,,N,C,C,A,A,H,-,C,D,0,,,,,Y,,D,22,0,0,2,0,0,0,0,0,0,-,-,37.93854,-122.35643,"CONTRA COSTA",RICHMOND,0,0
5916935,2013,2014-01-22,0710,2013-01-10,0750,1324,CENTR,4,5,5,0710,0,0,0,,0,006,"HARBOUR WY S","OHIO AV",0.00,,Y,A,-,N,,,,,,,,,,Y,3,0,4,2,A,-,12,21453,A,N,D,C,A,A,H,-,A,A,0,,,,,Y,,A,01,0,1,3,0,0,0,0,0,0,-,-,,,"CONTRA COSTA",RICHMOND,-122.3600631,37.9308449
5918783,2013,2015-01-05,9370,2013-02-07,0738,19469,,4,1,5,0710,0,1,1,,2,058,"RT 580","23RD ST",50.00,W,N,B,C,Y,CC,4,580,-,R,2.930,H,-,E,Y,4,0,2,3,A,-,08,22107,,N,D,C,A,B,H,-,A,D,1,,,,,Y,,A,07,0,0,2,0,0,0,0,0,0,-,-,37.92174,-122.34789,"CONTRA COSTA",RICHMOND,-122.3466132,37.921735
5927201,2013,2014-02-01,0710,2013-02-26,1205,1324,,2,5,5,0710,0,0,0,,0,,"CARLSON BL","IMPERIAL AV",0.00,,Y,A,-,N,,,,,,,,,,N,4,0,1,2,A,-,04,21703,,N,C,C,A,A,H,-,A,A,0,,,,,Y,,D,22,0,0,1,0,0,0,0,0,0,-,-,,,"CONTRA COSTA",RICHMOND,-122.3186832,37.911645
5927434,2013,2014-12-04,9370,2013-02-09,1729,20394,,6,2,5,0710,0,1,1,,2,058,"RT 580","RICHMOND SAN RAFAEL BRIDGE",1375.00,E,N,A,-,Y,CC,4,580,-,-,5.870,H,-,W,N,4,0,2,2,A,-,03,22350,,N,C,C,A,A,D,-,A,D,1,,,,,Y,,D,22,0,0,2,0,0,0,0,0,0,-,-,37.5556,-122.2354,"CONTRA COSTA",RICHMOND,-122.3977695,37.9325097
5928909,2013,2015-01-05,9370,2013-02-28,0815,020456,,4,1,5,0710,0,1,1,,2,058,"RT 580","BAYVIEW AV",2339.00,E,N,A,-,Y,CC,4,580,-,-,0.770,H,-,E,N,4,0,1,2,A,-,07,21658,A,N,B,C,A,A,H,-,A,D,1,,,Y,,Y,,D,22,0,0,1,0,0,0,0,0,1,-,-,37.54236,-122.19969,"CONTRA COSTA",RICHMOND,-122.3193599,37.9063972
5943488,2013,2014-01-29,9370,2013-02-27,0810,020506,,3,1,5,0710,0,3,5,,2,010,"RICHMOND PKWY","BLUME DR",30.00,S,N,A,-,N,,,,,,,,,,Y,4,0,1,3,A,-,21,22106,,N,C,C,A,A,H,-,A,A,0,,,,,Y,,A,01,0,0,1,0,0,0,0,0,0,-,-,37.59128,-122.18595,"CONTRA COSTA",RICHMOND,-122.3170773,37.986843
5977539,2013,2014-05-15,0710,2013-01-05,1919,1619,,6,5,5,0710,0,0,0,,0,008,"SAN PABLO AV","ROBERT H MILLER DR",15.00,W,N,B,C,N,,,,,,,,,,Y,4,0,5,2,A,-,03,22350,,N,D,C,A,B,H,-,C,D,0,,,,,Y,,-,-,0,0,5,0,0,0,0,0,0,-,-,,,"CONTRA COSTA",RICHMOND,-122.342191,37.9759062
5977779,2013,2014-11-26,9370,2013-01-08,0530,20425,,2,3,5,0710,0,1,1,,2,083,"RT 80","EL PORTAL DR",81.00,E,N,A,-,Y,CC,4,80,-,-,5.300,H,-,W,Y,4,0,1,2,A,-,07,21658,A,N,C,C,A,A,H,-,C,D,6,,,,,Y,,A,01,0,0,1,0,0,0,0,0,0,-,-,37.57593,-122.19196,"CONTRA COSTA",RICHMOND,-122.3208788,37.9691602