CASE_ID,ACCIDENT_YEAR,PROC_DATE,JURIS,COLLISION_DATE,COLLISION_TIME,OFFICER_ID,REPORTING_DISTRICT,DAY_OF_WEEK,CHP_SHIFT,POPULATION,CNTY_CITY_LOC,SPECIAL_COND,BEAT_TYPE,CHP_BEAT_TYPE,CITY_DIVISION_LAPD,CHP_BEAT_CLASS,BEAT_NUMBER,PRIMARY_RD,SECONDARY_RD,DISTANCE,DIRECTION,INTERSECTION,WEATHER_1,WEATHER_2,STATE_HWY_IND,CALTRANS_COUNTY,CALTRANS_DISTRICT,STATE_ROUTE,ROUTE_SUFFIX,POSTMILE_PREFIX,POSTMILE,LOCATION_TYPE,RAMP_INTERSECTION,SIDE_OF_HWY,TOW_AWAY,COLLISION_SEVERITY,NUMBER_KILLED,NUMBER_INJURED,PARTY_COUNT,PRIMARY_COLL_FACTOR,PCF_CODE_OF_VIOL,PCF_VIOL_CATEGORY,PCF_VIOLATION,PCF_VIOL_SUBSECTION,HIT_AND_RUN,TYPE_OF_COLLISION,MVIW,PED_ACTION,ROAD_SURFACE,ROAD_COND_1,ROAD_COND_2,LIGHTING,CONTROL_DEVICE,CHP_ROAD_TYPE,PEDESTRIAN_ACCIDENT,BICYCLE_ACCIDENT,MOTORCYCLE_ACCIDENT,TRUCK_ACCIDENT,NOT_PRIVATE_PROPERTY,ALCOHOL_INVOLVED,STWD_VEHTYPE_AT_FAULT,CHP_VEHTYPE_AT_FAULT,COUNT_SEVERE_INJ,COUNT_VISIBLE_INJ,COUNT_COMPLAINT_PAIN,COUNT_PED_KILLED,COUNT_PED_INJURED,COUNT_BICYCLIST_KILLED,COUNT_BICYCLIST_INJURED,COUNT_MC_KILLED,COUNT_MC_INJURED,PRIMARY_RAMP,SECONDARY_RAMP,LATITUDE,LONGITUDE,COUNTY,CITY,POINT_X,POINT_Y
5978610,2013,2014-12-04,9370,2013-02-27,0742,20506,,3,1,5,0710,0,1,1,,2,058,"RT 580","CANAL ST",80.00,W,N,A,-,Y,CC,4,580,-,R,4.764,R,1,W,N,4,0,1,2,A,-,03,22350,,N,C,C,A,A,H,-,A,D,1,,,,,Y,,A,01,0,0,1,0,0,0,0,0,0,FR,-,37.55392,-122.22428,"CONTRA COSTA",RICHMOND,-122.3783015,37.9272966
5987290,2013,2014-11-06,9370,2013-01-18,1719,020394,,5,2,5,0710,0,1,1,,2,082,RT80,"CARLSON BL",1720.00,W,N,A,-,Y,CC,4,80,-,-,0.670,H,-,E,N,4,0,1,2,A,-,04,21703,,N,C,C,A,A,H,-,B,D,6,,,,,Y,,A,01,0,0,1,0,0,0,0,0,0,-,-,37.5423,-122.1852,"CONTRA COSTA",RICHMOND,-122.3142164,37.9060401
5987302,2013,2014-11-06,9370,2013-01-01,0105,020428,,2,3,5,0710,0,1,1,,2,082,RT80,"SAN PABLO AV",300.00,E,N,A,-,Y,CC,4,80,-,-,3.050,H,-,E,Y,4,0,1,2,A,-,01,23152,A,N,C,E,A,A,H,-,C,D,6,,,,,Y,Y,A,01,0,0,1,0,0,0,0,0,0,-,-,37.93846,-122.32529,"CONTRA COSTA",RICHMOND,-122.3249362,37.9393637
5987439,2013,2014-11-10,9370,2013-01-19,1625,020428,,6,2,5,0710,0,1,1,,2,082,"RT 80","CARLSON BL",2.00,E,N,A,-,Y,CC,4,80,-,-,1.187,R,1,W,N,4,0,1,2,A,-,21,22106,,N,C,C,A,A,H,-,A,A,6,,,Y,,Y,,A,01,0,0,1,0,0,0,0,0,1,-,-,37.91141,-122.31773,"CONTRA COSTA",RICHMOND,-122.3175832,37.914445
5987720,2013,2014-10-20,0710,2013-01-09,1456,1324,SOUTH,3,5,5,0710,0,0,0,,0,003,"STEGE AV","CUTTING BL",50.00,S,N,B,-,N,,,,,,,,,,Y,4,0,1,2,A,-,21,22106,,N,B,C,A,A,H,-,A,D,0,,,,,Y,,A,01,0,0,1,0,0,0,0,0,0,-,-,,,"CONTRA COSTA",RICHMOND,-122.3369027,37.9252146
5987741,2013,2015-01-05,9370,2013-01-14,0808,019469,,1,1,5,0710,0,1,1,,2,058,"RT 580","CENTRAL AV",1020.00,W,N,A,-,Y,CC,4,580,-,-,0.430,H,-,E,Y,4,0,1,3,A,-,03,22350,,N,C,C,A,A,H,-,A,D,1,,,,,Y,,A,01,0,0,1,0,0,0,0,0,0,-,-,37.90235,-122.31608,"CONTRA COSTA",RICHMOND,-122.3163583,37.9027597
5987744,2013,2014-07-23,0710,2013-01-07,1048,1584,070,1,5,5,0710,0,0,0,,0,007,"30TH ST","646 30TH ST",7.00,W,N,A,-,N,,,,,,,,,,Y,3,0,1,2,A,-,08,22107,,N,B,E,A,A,H,-,A,D,0,,,,,Y,,A,01,0,1,0,0,0,0,0,0,0,-,-,,,"CONTRA COSTA",RICHMOND,0,0
5987745,2013,2014-11-10,9370,2013-01-14,0655,019572,,1,1,5,0710,0,1,1,,2,082,"RT 80","CARLSON BL",960.00,W,N,A,-,Y,CC,4,80,-,-,0.820,H,-,W,N,4,0,2,3,A,-,03,22350,,N,C,C,A,A,H,-,B,D,6,,,,,Y,,A,08,0,0,2,0,0,0,0,0,0,-,-,37.90801,-122.31597,"CONTRA COSTA",RICHMOND,-122.3145748,37.9062817
5987748,2013,2014-01-18,0710,2013-01-01,1757,1494,NORTH,2,5,5,0710,0,0,0,,0,007,"GARVIN AV","GARVIN AV 2400",0.00,,N,A,-,N,,,,,,,,,,Y,3,0,1,2,A,-,05,21650,,N,C,E,A,A,H,-,C,D,0,,,,,Y,,A,01,0,1,0,0,0,0,0,0,0,-,-,,,"CONTRA COSTA",RICHMOND,0,0
5991192,2013,2014-01-31,0710,2013-02-27,1204,1477,NORTH,3,5,5,0710,0,0,0,,0,007,"SAN PABLO AV","MCBRYDE AV",0.00,,Y,A,-,N,,,,,,,,,,N,3,0,1,2,A,-,05,21650,1,N,D,G,A,A,H,-,A,A,0,,Y,,,Y,,L,04,0,1,0,0,0,0,1,0,0,-,-,,,"CONTRA COSTA",RICHMOND,-122.3307631,37.9472549
5996411,2013,2014-06-28,0710,2013-01-20,1856,1634,NORTH,7,5,5,0710,0,0,0,,0,008,"RICHMOND PKWY","HILLTOP DR",0.00,,Y,-,-,N,,,,,,,,,,N,4,0,1,3,A,-,03,22350,,M,C,C,A,-,-,-,-,-,0,,,,,Y,,A,01,0,0,1,0,0,0,0,0,0,-,-,,,"CONTRA COSTA",RICHMOND,0,0
6000393,2013,2014-01-21,0710,2013-01-28,1552,1584,0710,1,5,5,0710,0,0,0,,0,,"3RD ST","BISSELL AV",201.00,S,N,A,-,N,,,,,,,,,,Y,3,0,1,2,A,-,11,21950,B,N,D,B,D,A,H,-,A,D,0,Y,,,,Y,,N,60,0,1,0,0,1,0,0,0,0,-,-,,,"CONTRA COSTA",RICHMOND,-122.3667032,37.9335328
6002422,2013,2014-12-08,9370,2013-01-05,0855,020475,,6,1,5,0710,0,1,1,,2,058,"RT 580","23RD ST",1608.00,E,N,B,-,Y,CC,4,580,-,R,2.590,H,-,W,Y,4,0,1,2,A,-,07,21658,A,N,B,C,A,A,H,-,A,D,1,,,,,Y,,A,01,0,0,1,0,0,0,0,0,0,-,-,37.55182,-122.20302,"CONTRA COSTA",RICHMOND,-122.3419296,37.9217622
6002442,2013,2014-01-18,0710,2013-01-31,1454,1494,,4,5,5,0710,0,0,0,,0,,"OHIO AV","20TH ST",0.00,,Y,A,-,N,,,,,,,,,,N,3,0,1,2,A,-,12,22450,A,N,D,G,A,A,H,-,A,A,0,,Y,,,Y,,L,04,0,1,0,0,0,0,1,0,0,-,-,,,"CONTRA COSTA",RICHMOND,-122.3504631,37.9307949
6002446,2013,2014-01-18,0710,2013-01-31,1644,1494,,4,5,5,0710,0,0,0,,0,003,"CARLSON BL","SANTA CLARA ST",0.00,S,N,A,-,N,,,,,,,,,,N,3,0,1,2,A,-,09,21804,A,N,D,G,A,A,H,-,A,D,0,,Y,,,Y,,L,04,0,1,0,0,0,0,1,0,0,-,-,,,"CONTRA COSTA",RICHMOND,-122.3229831,37.9138848
6002450,2013,2014-01-18,0710,2013-01-23,1421,1494,SOUTH,3,5,5,0710,0,0,0,,0,002,"26TH ST","VIRGINIA AV",0.00,,Y,A,-,N,,,,,,,,,,N,4,0,1,2,A,-,09,21802,A,N,D,C,A,A,H,-,A,A,0,,,,,Y,,A,01,0,0,1,0,0,0,0,0,0,-,-,,,"CONTRA COSTA",RICHMOND,-122.3447332,37.9266149
6002454,2013,2014-01-18,0710,2013-01-22,1436,1494,CENTR,2,5,5,0710,0,0,0,,0,006,"16TH ST","LIVINGSTON LN",0.00,S,N,A,-,N,,,,,,,,,,N,4,0,1,2,A,-,05,21650,,N,B,C,A,A,H,-,A,D,0,,,,,Y,,A,01,0,0,1,0,0,0,0,0,0,-,-,,,"CONTRA COSTA",RICHMOND,-122.3543032,37.935545
6002458,2013,2014-11-06,0710,2013-01-13,1141,1584,0710,7,5,5,0710,0,0,0,,0,007,"BARRETT AV","RT 80",0.00,,Y,A,-,Y,CC,4,80,-,-,2.716,R,4,W,Y,3,0,1,2,A,-,12,21453,A,F,A,A,A,A,H,-,A,A,0,,,,,Y,,A,01,0,1,0,0,0,0,0,0,0,-,EO,,,"CONTRA COSTA",RICHMOND,-122.3263632,37.933015
6002462,2013,2014-01-18,0710,2013-01-25,1927,1524,CENTR,5,5,5,0710,0,0,0,,0,004,"LINCOLN AV","23RD ST",310.00,W,N,A,-,N,,,,,,,,,,N,4,0,1,2,A,-,11,21954,A,N,G,B,D,A,H,-,C,A,0,Y,,,,Y,Y,N,60,0,0,1,0,1,0,0,0,0,-,-,,,"CONTRA COSTA",RICHMOND,0,0
6002466,2013,2014-01-18,0710,2013-01-27,1737,1242,,7,5,5,0710,0,0,0,,0,,"MAY RD","SANTA RITA RD",35.00,W,N,A,-,N,,,,,,,,,,Y,4,0,1,1,A,-,03,22350,,N,E,I,A,A,H,-,B,A,0,,,,,Y,,A,01,0,0,1,0,0,0,0,0,0,-,-,,,"CONTRA COSTA",RICHMOND,-122.2915843,37.9694634
6003927,2013,2014-02-05,0710,2013-03-01,1110,1637,NORTH,5,5,5,0710,0,0,0,,0,007,"23RD ST","ESMOND AV",0.00,,Y,A,-,N,,,,,,,,,,N,4,0,1,2,A,-,08,22107,,N,D,C,A,A,H,-,A,D,0,,,,,Y,,-,-,0,0,1,0,0,0,0,0,0,-,-,,,"CONTRA COSTA",RICHMOND,-122.3475031,37.945275
6004060,2013,2014-11-26,9370,2013-02-16,1825,20206,,6,2,5,0710,0,1,1,,2,082,"RT 80","CENTRAL AV",65.00,E,N,A,-,Y,CC,4,80,-,-,0.390,R,1,W,Y,4,0,2,2,A,-,03,22350,,N,C,C,A,A,H,-,C,A,6,,,,,Y,,A,07,0,0,2,0,0,0,0,0,0,TO,-,37.90134,-122.31165,"CONTRA COSTA",RICHMOND,-122.3128432,37.903625
6004987,2013,2014-04-22,0710,2013-02-09,1342,1637,NORTH,6,5,5,0710,0,0,0,,0,004,"BARRETT AV","43RD ST",69.00,W,N,A,-,N,,,,,,,,,,Y,3,0,2,2,A,-,08,22107,,N,D,C,A,A,H,-,A,D,0,,,,,Y,,-,-,0,1,1,0,0,0,0,0,0,-,-,,,"CONTRA COSTA",RICHMOND,-122.3287382,37.9358309
6005121,2013,2014-02-03,0710,2013-02-22,1030,1324,CENTR,5,5,5,0710,0,0,0,,0,007,"39TH ST","ROOSEVELT AV",254.00,N,N,A,-,N,,,,,,,,,,Y,4,0,5,2,A,-,05,21650,,N,A,C,A,A,H,-,A,D,0,,,,,Y,,A,01,0,0,5,0,0,0,0,0,0,-,-,,,"CONTRA COSTA",RICHMOND,-122.3313918,37.9384809
6005126,2013,2014-01-31,0710,2013-02-12,1600,1324,CENTR,2,5,5,0710,0,0,0,,0,004,"23RD ST","GARVIN AV",45.00,S,N,A,-,N,,,,,,,,,,Y,4,0,2,2,A,-,01,23153,A,N,C,E,A,A,H,-,A,A,0,,,,,Y,Y,A,07,0,0,2,0,0,0,0,0,0,-,-,,,"CONTRA COSTA",RICHMOND,-122.3475132,37.9437013
6005173,2013,2014-05-08,0710,2013-02-27,1908,1345,NORTH,3,5,5,0710,0,0,0,,0,008,"ROBERT H MILLER DR","HILLTOP DR",38.00,S,N,A,-,N,,,,,,,,,,Y,4,0,4,2,A,-,09,21801,A,N,A,C,A,A,H,-,C,A,0,,,,,Y,,-,-,0,0,4,0,0,0,0,0,0,-,-,,,"CONTRA COSTA",RICHMOND,-122.3332533,37.9783069
6005177,2013,2014-02-03,0710,2013-02-12,2218,1494,NORTH,2,5,5,0710,0,0,0,,0,009,"CASTRO RANCH RD","AMEND RD",3168.00,N,N,A,-,N,,,,,,,,,,N,2,0,1,2,A,-,-,,,N,G,B,E,A,H,-,C,D,0,Y,,,,Y,,N,60,1,0,0,0,1,0,0,0,0,-,-,,,"CONTRA COSTA",RICHMOND,-122.2597151,37.9620791
6005181,2013,2014-10-20,0710,2013-02-25,1452,1607,RICHM,1,5,5,0710,0,0,0,,0,003,"CUTTING BL","37TH ST",0.00,,Y,A,-,N,,,,,,,,,,Y,4,0,1,2,A,-,12,21453,A,N,D,C,A,A,H,-,A,A,0,,,,,Y,,-,-,0,0,1,0,0,0,0,0,0,-,-,,,"CONTRA COSTA",RICHMOND,-122.3343132,37.9253748
6005185,2013,2014-05-15,0710,2013-02-22,1502,1242,,5,5,5,0710,0,0,0,,0,,"ROBERT MILLER DR","BIRMINGHAM DR",0.00,,Y,A,-,N,,,,,,,,,,Y,4,0,1,2,A,-,09,21801,A,N,D,C,A,A,H,-,A,A,0,,,,,Y,,A,01,0,0,1,0,0,0,0,0,0,-,-,,,"CONTRA COSTA",RICHMOND,-122.3377332,37.9761549
6005189,2013,2014-04-16,0710,2013-02-25,2342,1398,CENTR,1,5,5,0710,0,0,0,,0,005,"7TH ST","RIPLEY AV",0.00,,Y,A,-,N,,,,,,,,,,N,4,0,1,2,A,-,12,22450,,N,D,G,A,A,H,-,C,A,0,,Y,,,Y,,L,04,0,0,1,0,0,0,1,0,0,-,-,,,"CONTRA COSTA",RICHMOND,-122.3627731,37.9403649
6005193,2013,2014-01-31,0710,2013-02-11,1517,267,NORTH,1,5,5,0710,0,0,0,,0,007,"SAN PABLO AV","SOLANO AV",0.00,,N,A,-,N,,,,,,,,,,N,4,0,1,2,A,-,05,21650,1,N,D,G,A,A,H,-,A,D,0,,Y,,,Y,,L,04,0,0,1,0,0,0,1,0,0,-,-,,,"CONTRA COSTA",RICHMOND,-122.3282732,37.9420349
6005197,2013,2014-01-31,0710,2013-02-05,1310,1324,NORTH,2,5,5,0710,0,0,0,,0,007,"SAN PABLO AV","ROOSEVELT AV",0.00,,Y,A,-,N,,,,,,,,,,Y,3,0,3,3,A,-,17,21657,,N,D,C,A,A,H,-,A,A,0,,,,,Y,Y,A,01,0,1,2,0,0,0,0,0,0,-,-,,,"CONTRA COSTA",RICHMOND,-122.3258631,37.9369749
6010926,2013,2014-02-01,0710,2013-03-12,2237,1524,SOUTH,2,5,5,0710,0,0,0,,0,002,"OHIO AV","S 6TH ST",0.00,,Y,A,-,N,,,,,,,,,,Y,4,0,1,3,A,-,01,23152,A,N,D,C,A,A,H,-,C,A,0,,,,,Y,Y,A,07,0,0,1,0,0,0,0,0,0,-,-,,,"CONTRA COSTA",RICHMOND,-122.3639831,37.9308649
6012352,2013,2014-11-26,9370,2013-02-05,0850,00001,,2,1,5,0710,0,1,1,,2,082,"RT 80","APPIAN WY",500.00,W,N,A,-,Y,CC,4,80,-,-,7.510,H,-,W,N,4,0,1,2,A,-,04,21703,,N,C,C,A,A,H,-,A,D,6,,,,,Y,,A,01,0,0,1,0,0,0,0,0,0,-,-,37.99318,-122.30306,"CONTRA COSTA",RICHMOND,-122.3054152,37.9928538
6013474,2013,2014-11-26,9370,2013-03-08,0625,20183,,5,1,5,0710,0,1,1,,2,082,"RT 80","CUTTING BL",480.00,E,N,B,-,Y,CC,4,80,-,-,2.170,H,-,W,Y,4,0,2,3,A,-,03,22350,,N,C,C,A,A,H,-,A,D,6,,,,,Y,,A,07,0,0,2,0,0,0,0,0,0,-,-,37.99154,-122.3255,"CONTRA COSTA",RICHMOND,-122.3230124,37.9281159
6014554,2013,2014-11-26,9370,2013-03-18,1710,020129,,1,2,5,0710,0,1,1,,2,082,RT80,"CENTRAL AV",100.00,W,N,A,-,Y,CC,4,80,-,-,0.200,H,-,E,Y,4,0,1,3,A,-,03,22350,,N,C,C,A,A,H,-,A,D,6,,,,,Y,,D,22,0,0,1,0,0,0,0,0,0,-,-,37.90058,-122.31042,"CONTRA COSTA",RICHMOND,-122.3103254,37.9002124
6020266,2013,2014-02-15,0710,2013-03-06,1443,1584,0710,3,5,5,0710,0,0,0,,0,007,"CARLSON BL","SOUTH ST",248.00,N,N,A,-,N,,,,,,,,,,N,4,0,1,2,A,-,10,21952,,N,D,B,F,A,H,-,A,D,0,Y,,,,Y,,A,01,0,0,1,0,1,0,0,0,0,-,-,,,"CONTRA COSTA",RICHMOND,-122.3397101,37.926294
6020267,2013,2014-02-13,0710,2013-03-01,1855,1524,NORTH,5,5,5,0710,0,0,0,,0,007,"RHEEM AV","29TH ST",71.00,W,N,A,-,N,,,,,,,,,,Y,4,0,1,4,A,-,01,23152,A,N,C,E,A,A,H,-,C,A,0,,,,,Y,Y,A,01,0,0,1,0,0,0,0,0,0,-,-,,,"CONTRA COSTA",RICHMOND,-122.3390995,37.9498638
6020268,2013,2014-02-18,0710,2013-03-12,1712,1327,NORTH,2,5,5,0710,0,0,0,,0,007,"4TH ST",CLINTON,37.00,S,N,A,-,N,,,,,,,,,,Y,4,0,1,2,A,-,08,22100,B,N,C,E,A,A,H,-,A,D,0,,,,,Y,,-,-,0,0,1,0,0,0,0,0,0,-,-,,,"CONTRA COSTA",RICHMOND,-122.3299887,37.9406453
6023297,2013,2014-11-26,9370,2013-03-27,0800,019572,,3,1,5,0710,0,1,1,,2,082,RT80,"CENTRAL AV",1310.00,E,N,A,-,Y,CC,4,80,-,-,0.500,H,-,W,Y,4,0,1,3,A,-,03,22350,,N,C,C,A,A,H,-,A,D,6,,,,,Y,,D,22,0,0,1,0,0,0,0,0,0,-,-,37.90332,-122.31276,"CONTRA COSTA",RICHMOND,-122.3132828,37.9043062
6024056,2013,2015-01-05,9370,2013-03-20,1410,020129,,3,2,5,0710,0,1,1,,2,058,"RT 580","HARBOUR WAY",100.00,E,N,C,-,Y,CC,4,580,-,R,3.580,H,-,E,Y,3,0,5,1,A,-,08,22107,,N,F,A,A,B,H,-,A,D,1,,,,,Y,,A,07,0,3,2,0,0,0,0,0,0,-,-,37.92315,-122.35965,"CONTRA COSTA",RICHMOND,-122.3585521,37.9226726
6024222,2013,2014-12-08,9370,2013-03-13,0751,018954,,3,1,5,0710,0,1,1,,2,058,"RT 580","CASTRO ST",1304.00,W,N,A,-,Y,CC,4,580,-,R,5.420,H,-,W,Y,4,0,1,2,A,-,03,22350,,N,C,C,A,A,H,-,A,D,1,,,Y,,Y,,C,02,0,0,1,0,0,0,0,0,1,-,-,37.55509,-122.23265,"CONTRA COSTA",RICHMOND,-122.3901121,37.9306345
6027615,2013,2015-01-06,9350,2013-03-28,0755,18667,,4,1,5,0710,0,1,1,,2,115,"RT 580","RICHMOND SAN RAFAEL BRIDGE",300.00,W,N,B,C,Y,CC,4,580,-,-,6.280,H,-,W,Y,4,0,1,3,A,-,03,22350,,F,C,C,A,B,H,-,A,D,1,,,,,Y,,A,08,0,0,1,0,0,0,0,0,0,-,-,37.93308,-122.41497,"CONTRA COSTA",RICHMOND,-122.4078587,37.932607
6030106,2013,2014-11-26,9370,2013-03-08,1924,20394,,5,2,5,0710,0,1,1,,2,082,"RT 80","POTRERO AV",50.00,W,N,A,-,Y,CC,4,80,-,-,1.660,H,-,E,N,4,0,1,3,A,-,04,21703,,M,C,C,A,A,H,-,B,D,6,,,,,Y,,D,22,0,0,1,0,0,0,0,0,0,-,-,37.5514,-122.1903,"CONTRA COSTA",RICHMOND,-122.317519,37.9199499
6036121,2013,2014-03-25,0710,2013-03-21,0817,1324,CENTR,4,5,5,0710,0,0,0,,0,003,"CENTRAL AV","SAN JOAQUIN AV",0.00,,Y,A,-,N,,,,,,,,,,Y,3,0,2,2,A,-,09,21801,A,N,A,C,A,A,H,-,A,A,0,,,,,Y,,A,01,0,1,1,0,0,0,0,0,0,-,-,,,"CONTRA COSTA",RICHMOND,-122.3116632,37.9007349
6036129,2013,2014-11-06,0710,2013-03-13,1411,1494,NORTH,3,5,5,0710,0,0,0,,0,008,"HILLTOP DR","RT 80",0.00,E,N,A,-,Y,CC,4,80,-,-,5.768,R,1,E,N,4,0,2,3,A,-,07,21658,A,N,C,C,A,A,H,-,A,A,0,,,,,Y,,A,07,0,0,2,0,0,0,0,0,0,-,WF,,,"CONTRA COSTA",RICHMOND,-122.3198032,37.971995
6036133,2013,2014-02-10,0710,2013-03-28,1250,1324,SOUTH,4,5,5,0710,0,0,0,,0,002,"CUTTING BL","SOUTH 20TH",41.00,W,N,A,-,N,,,,,,,,,,Y,4,0,1,2,A,-,03,22350,,N,C,C,A,A,H,-,A,A,0,,,,,Y,,D,22,0,0,1,0,0,0,0,0,0,-,-,,,"CONTRA COSTA",RICHMOND,-122.3505554,37.9252065
6037874,2013,2014-06-07,0710,2013-03-18,1428,29,,1,5,5,0710,0,0,0,,0,,"FITZGERALD DR","BLUME DR",198.00,S,N,A,-,N,,,,,,,,,,N,4,0,1,2,A,-,03,22350,,N,C,C,A,A,H,-,-,A,0,,,,,Y,,-,-,0,0,1,0,0,0,0,0,0,-,-,,,"CONTRA COSTA",RICHMOND,0,0
6039265,2013,2014-02-12,9370,2013-04-14,1114,20420,,7,1,5,0710,0,1,1,,2,082,"RT 80","MACDONALD AV",317.00,W,N,A,-,Y,CC,4,80,-,-,2.560,H,-,W,N,4,0,1,2,A,-,07,21658,A,M,B,C,A,A,H,-,A,D,6,,,,,Y,,-,99,0,0,1,0,0,0,0,0,0,-,-,37.9318,-122.3255,"CONTRA COSTA",RICHMOND,-122.3253777,37.9316273
6040104,2013,2014-11-26,9370,2013-02-28,1912,20258,,4,2,5,0710,0,1,1,,2,082,"RT 80","SAN PABLO DAM RD",108.00,W,N,A,-,Y,CC,4,80,-,-,4.182,R,1,E,Y,4,0,1,3,A,-,21,22106,,N,C,C,A,A,H,-,D,A,6,,,,,Y,,A,08,0,0,1,0,0,0,0,0,0,TO,-,37.95614,-122.32958,"CONTRA COSTA",RICHMOND,-122.3279132,37.952645
6044916,2013,2014-02-14,0710,2013-04-06,1524,1640,NORTH,6,5,5,0710,0,0,0,,0,007,"26TH ST","GAYNOR AV",0.00,,Y,A,-,N,,,,,,,,,,Y,4,0,1,2,A,-,05,21202,A,F,C,G,A,A,H,-,A,D,0,,Y,,,Y,,-,-,0,0,1,0,0,0,1,0,0,-,-,,,"CONTRA COSTA",RICHMOND,-122.3432332,37.9443649
6044932,2013,2014-02-14,0710,2013-04-02,1305,1324,SOUTH,2,5,5,0710,0,0,0,,0,001,"RT 80","CASTRO DR",0.00,,Y,A,-,Y,CC,4,580,-,R,4.981,R,1,E,Y,3,0,1,2,A,-,03,22350,,N,C,C,A,A,H,-,A,A,0,,,,,Y,,A,01,0,1,0,0,0,0,0,0,0,EF,-,,,"CONTRA COSTA",RICHMOND,-122.3849323,37.9286351
6044936,2013,2014-02-14,0710,2013-04-15,1801,1655,CENTR,1,5,5,0710,0,0,0,,0,005,"RIPLEY AV","3RD ST",0.00,,Y,A,-,N,,,,,,,,,,N,4,0,1,2,A,-,12,22450,A,N,B,G,A,A,H,-,A,D,0,,Y,,,Y,,-,-,0,0,1,0,0,0,1,0,0,-,-,,,"CONTRA COSTA",RICHMOND,-122.3667032,37.940355
6044940,2013,2014-02-14,0710,2013-04-15,1125,1477,NORTH,1,5,5,0710,0,0,0,,0,007,"MCBRYDE AV","SAN PABLO AV",0.00,,Y,A,-,N,,,,,,,,,,N,3,0,1,2,A,-,05,21650,1,N,-,G,A,A,H,-,A,A,0,,Y,,,Y,,L,04,0,1,0,0,0,0,1,0,0,-,-,,,"CONTRA COSTA",RICHMOND,-122.3307631,37.9472549
6044948,2013,2014-02-14,0710,2013-04-18,1209,1365,NORTH,4,5,5,0710,0,0,0,,0,007,"BISSELL AV","CIVIC CENTER ST",0.00,,Y,A,-,N,,,,,,,,,,N,4,0,1,2,A,-,10,21950,A,M,G,B,B,A,H,-,A,D,0,Y,,,,Y,,A,01,0,0,1,0,1,0,0,0,0,-,-,,,"CONTRA COSTA",RICHMOND,-122.3448531,37.9339049
6044952,2013,2014-02-14,0710,2013-04-04,1243,1477,CENTR,4,5,5,0710,0,0,0,,0,006,"HARBOUR WY","BISSELL AV",0.00,,Y,B,-,N,,,,,,,,,,Y,4,0,1,2,A,-,12,21453,A,N,D,C,A,A,H,-,A,A,0,,,,,Y,,A,01,0,0,1,0,0,0,0,0,0,-,-,,,"CONTRA COSTA",RICHMOND,-122.3600331,37.9341049
6044956,2013,2014-02-14,0710,2013-04-05,0853,1640,NORTH,5,5,5,0710,0,0,0,,0,007,"RICHMOND PKWY","BELLA VISTA",0.00,,Y,B,-,N,,,,,,,,,,N,4,0,1,2,A,-,10,21950,A,N,G,B,B,A,H,-,A,A,0,Y,,,,Y,,-,-,0,0,1,0,1,0,0,0,0,-,-,,,"CONTRA COSTA",RICHMOND,0,0
6044960,2013,2014-02-14,0710,2013-04-12,0841,1324,NORTH,5,5,5,0710,0,0,0,,0,008,"SAN PABLO AV","LIGHT POLE 11420",102.00,N,N,A,-,N,,,,,,,,,,N,4,0,1,2,A,-,08,22107,,N,B,G,A,A,G,-,A,D,0,,Y,,,Y,,L,04,0,0,1,0,0,0,1,0,0,-,-,,,"CONTRA COSTA",RICHMOND,0,0
6045202,2013,2014-02-10,0710,2013-03-29,1404,1524,NORTH,5,5,5,0710,0,0,0,,0,007,"MACDONALD AV","23RD ST",0.00,,Y,A,-,N,,,,,,,,,,N,3,0,1,2,A,-,10,21950,A,N,G,B,B,A,H,-,A,A,0,Y,,,,Y,,A,01,0,1,0,0,1,0,0,0,0,-,-,,,"CONTRA COSTA",RICHMOND,-122.3475732,37.9357449
6045214,2013,2014-02-10,0710,2013-03-28,0936,1584,0710,4,5,5,0710,0,0,0,,0,008,"HILLTOP DR","SHANE DR",0.00,,Y,B,-,N,,,,,,,,,,Y,4,0,3,2,A,-,12,21453,A,N,-,C,A,A,H,-,A,A,0,,,,,Y,,A,01,0,0,3,0,0,0,0,0,0,-,-,,,"CONTRA COSTA",RICHMOND,-122.3283632,37.9764949
6045218,2013,2014-03-29,0710,2013-03-29,0922,1546,C,5,5,5,0710,0,0,0,,0,006,"BARRETT AV","7TH ST",0.00,,Y,A,-,N,,,,,,,,,,Y,4,0,1,2,A,-,12,21453,A,N,D,C,A,A,H,-,A,A,0,,,,,Y,,-,-,0,0,1,0,0,0,0,0,0,-,-,,,"CONTRA COSTA",RICHMOND,-122.3633332,37.9384249
6045222,2013,2014-02-10,0710,2013-03-27,0915,1477,CENTR,3,5,5,0710,0,0,0,,0,005,"RIPLEY AV","8TH ST",0.00,,Y,B,-,N,,,,,,,,,,N,4,0,1,2,A,-,09,21802,A,N,D,C,A,A,H,-,A,A,0,,,,,Y,,A,01,0,0,1,0,0,0,0,0,0,-,-,,,"CONTRA COSTA",RICHMOND,-122.3618231,37.9403649
6048159,2013,2014-02-14,9370,2013-04-09,1445,15258,,2,2,5,0710,0,1,1,,2,058,"RT 580","RICHMOND SAN RAFAEL TP",470.00,E,N,A,-,Y,CC,4,580,-,-,6.040,H,-,E,Y,4,0,3,2,A,-,08,22107,,N,C,C,A,A,H,-,A,D,1,,,,Y,Y,,F,26,0,0,3,0,0,0,0,0,0,-,-,37.93186,-122.40158,"CONTRA COSTA",RICHMOND,-122.4006922,37.931875