CASE_ID,ACCIDENT_YEAR,PROC_DATE,JURIS,COLLISION_DATE,COLLISION_TIME,OFFICER_ID,REPORTING_DISTRICT,DAY_OF_WEEK,CHP_SHIFT,POPULATION,CNTY_CITY_LOC,SPECIAL_COND,BEAT_TYPE,CHP_BEAT_TYPE,CITY_DIVISION_LAPD,CHP_BEAT_CLASS,BEAT_NUMBER,PRIMARY_RD,SECONDARY_RD,DISTANCE,DIRECTION,INTERSECTION,WEATHER_1,WEATHER_2,STATE_HWY_IND,CALTRANS_COUNTY,CALTRANS_DISTRICT,STATE_ROUTE,ROUTE_SUFFIX,POSTMILE_PREFIX,POSTMILE,LOCATION_TYPE,RAMP_INTERSECTION,SIDE_OF_HWY,TOW_AWAY,COLLISION_SEVERITY,NUMBER_KILLED,NUMBER_INJURED,PARTY_COUNT,PRIMARY_COLL_FACTOR,PCF_CODE_OF_VIOL,PCF_VIOL_CATEGORY,PCF_VIOLATION,PCF_VIOL_SUBSECTION,HIT_AND_RUN,TYPE_OF_COLLISION,MVIW,PED_ACTION,ROAD_SURFACE,ROAD_COND_1,ROAD_COND_2,LIGHTING,CONTROL_DEVICE,CHP_ROAD_TYPE,PEDESTRIAN_ACCIDENT,BICYCLE_ACCIDENT,MOTORCYCLE_ACCIDENT,TRUCK_ACCIDENT,NOT_PRIVATE_PROPERTY,ALCOHOL_INVOLVED,STWD_VEHTYPE_AT_FAULT,CHP_VEHTYPE_AT_FAULT,COUNT_SEVERE_INJ,COUNT_VISIBLE_INJ,COUNT_COMPLAINT_PAIN,COUNT_PED_KILLED,COUNT_PED_INJURED,COUNT_BICYCLIST_KILLED,COUNT_BICYCLIST_INJURED,COUNT_MC_KILLED,COUNT_MC_INJURED,PRIMARY_RAMP,SECONDARY_RAMP,LATITUDE,LONGITUDE,COUNTY,CITY,POINT_X,POINT_Y
6435403,2014,2014-07-10,0710,2014-03-01,1035,1643,CENTR,6,5,5,0710,0,0,0,,0,004,"BURBECK AV","17TH ST",0.00,,Y,-,-,N,,,,,,,,,,N,3,0,2,2,A,-,05,21650,,N,-,-,A,-,-,-,-,-,0,,Y,,,Y,,L,04,0,1,1,0,0,0,2,0,0,-,-,,,"CONTRA COSTA",RICHMOND,-122.35378988,37.9430999
6435399,2014,2014-07-07,0710,2014-02-05,0830,1477,NORTH,3,5,5,0710,0,0,0,,0,007,"24TH ST","ROOSEVELT AV",0.00,,Y,B,-,N,,,,,,,,,,N,4,0,1,2,A,-,10,21950,A,M,G,B,B,A,H,-,A,D,0,Y,,,,Y,,A,01,0,0,1,0,1,0,0,0,0,-,-,,,"CONTRA COSTA",RICHMOND,-122.3453999,37.93976989
6435395,2014,2014-06-28,0710,2014-02-24,0804,1242,,1,5,5,0710,0,0,0,,0,008,"RICHMOND PKWY","BLUME DR",250.00,W,N,B,-,N,,,,,,,,,,Y,4,0,1,2,A,-,03,22350,,N,C,C,A,A,H,-,A,A,0,,,,,Y,,A,01,0,0,1,0,0,0,0,0,0,-,-,,,"CONTRA COSTA",RICHMOND,-122.31776904,37.98715487
6435043,2014,2014-07-02,9370,2014-03-17,0840,020149,,1,1,5,0710,0,1,1,,2,082,RT80,"MCBRYDE AV",343.00,W,N,A,-,Y,,,,,,,,,,Y,2,0,1,4,A,-,03,22350,,N,B,C,A,A,H,-,A,D,0,,,Y,,Y,,C,02,1,0,0,0,0,0,0,0,1,-,-,37.565,-122.19313,"CONTRA COSTA",RICHMOND,,
6431104,2014,2014-07-17,0710,2014-03-16,2003,1484,SOUTH,7,5,5,0710,0,0,0,,0,004,"MACDONALD AV","21ST ST",0.00,,Y,A,-,N,,,,,,,,,,N,4,0,1,2,A,-,-,,,N,G,B,B,A,H,-,C,A,0,Y,,,,Y,,-,,0,0,1,0,1,0,0,0,0,-,-,,,"CONTRA COSTA",RICHMOND,-122.34955989,37.93573996
6431100,2014,2014-07-01,0710,2014-03-15,2006,1586,,6,5,5,0710,0,0,0,,0,007,"23RD ST","MACDONALD AV",0.00,,Y,A,-,N,,,,,,,,,,N,4,0,1,2,A,-,09,21801,A,N,D,C,A,A,H,-,B,A,0,,,,,Y,,A,01,0,0,1,0,0,0,0,0,0,-,-,,,"CONTRA COSTA",RICHMOND,-122.34754993,37.93572988
6430985,2014,2014-06-20,0710,2014-02-19,0958,1494,CENTR,3,5,5,0710,0,0,0,,0,004,"BARRETT AV","19TH ST",0.00,,Y,A,-,N,,,,,,,,,,Y,4,0,5,2,A,-,12,21453,A,N,D,C,A,A,H,-,A,A,0,,,,,Y,,A,01,0,0,5,0,0,0,0,0,0,-,-,,,"CONTRA COSTA",RICHMOND,-122.35150986,37.9384599
6430801,2014,2014-07-10,9370,2014-03-12,0620,020657,,3,1,5,0710,0,1,1,,2,082,RT80,"POTRERO AV",1372.00,W,N,A,-,Y,,,,,,,,,,N,4,0,1,2,A,-,07,21658,A,N,B,C,A,A,H,-,D,D,0,,,,,Y,,I,09,0,0,1,0,0,0,0,0,0,-,-,37.55121,-122.19324,"CONTRA COSTA",RICHMOND,,
6429617,2014,2014-07-30,0710,2014-01-20,1710,1402,,1,5,5,0710,0,0,0,,0,008,"BLUME DR","RICHMOND PKWY",30.00,S,N,A,-,N,,,,,,,,,,N,4,0,1,2,A,-,04,21703,,N,C,C,A,A,H,-,B,A,0,,,,,Y,,-,,0,0,1,0,0,0,0,0,0,-,-,,,"CONTRA COSTA",RICHMOND,-122.31700859,37.98683711
6427151,2014,2016-02-24,9370,2014-02-23,0300,020183,,7,3,5,0710,0,1,1,,2,058,"RT 580","MARINE ST",200.00,W,N,B,-,Y,CC,4,580,-,R,5.500,H,-,E,Y,3,0,1,1,A,-,08,22107,,N,E,I,A,A,H,-,D,D,1,,,,,Y,,A,07,0,1,0,0,0,0,0,0,0,-,-,37.55527,-122.23319,"CONTRA COSTA",RICHMOND,-122.39261623,37.93159796
6427147,2014,2014-07-03,9370,2014-02-26,1530,019645,,3,2,5,0710,0,1,1,,2,083,RT80,"RICHMOND PKWY",50.00,E,N,C,-,Y,,,,,,,,,,Y,4,0,1,2,A,-,07,21658,A,N,B,C,A,B,H,-,A,D,0,,,Y,,Y,,C,02,0,0,1,0,0,0,0,0,0,-,-,37.59126,-122.58937,"CONTRA COSTA",RICHMOND,,
6427143,2014,2014-07-03,9370,2014-02-26,1145,020656,,3,1,5,0710,0,1,1,,2,082,"RT 80","CARLSON BL",432.00,E,N,C,-,Y,,,80,,,,,,,Y,4,0,1,1,A,-,08,22107,,N,E,I,A,B,H,-,A,D,0,,,,,Y,,A,01,0,0,1,0,0,0,0,0,0,-,-,37.91437,-122.31735,"CONTRA COSTA",RICHMOND,-122.31735012,37.91437
6425081,2014,2014-06-25,0710,2014-02-16,0800,1224,,7,5,5,0710,0,0,0,,0,004,"22ND ST","MACDONALD AV",0.00,,Y,A,-,N,,,,,,,,,,N,4,0,1,2,A,-,08,22100,B,F,B,C,A,B,H,-,A,A,0,,,,,Y,,A,01,0,0,1,0,0,0,0,0,0,-,-,,,"CONTRA COSTA",RICHMOND,-122.34857991,37.93573992
6424694,2014,2014-06-12,9370,2014-02-17,0013,20633,,1,3,5,0710,0,1,1,,2,083,"RT 80","SAN PABLO DAM RD",1109.00,E,N,A,-,Y,,,,,,,,,,Y,4,0,1,1,A,-,08,22107,,N,E,I,A,A,H,-,D,D,0,,,,,Y,,A,01,0,0,1,0,0,0,0,0,0,-,-,37.9628,-122.32882,"CONTRA COSTA",RICHMOND,-122.32837895,37.95314005
6424688,2014,2014-06-12,9370,2014-02-09,1700,20286,,7,2,5,0710,0,1,1,,2,082,"RT 80","CUTTING BL",75.00,E,N,B,C,Y,,,80,,,,,,,Y,4,0,2,2,A,-,01,23152,A,M,C,C,A,B,H,-,A,D,0,,,,,Y,Y,A,01,0,0,2,0,0,0,0,0,0,-,-,37.92576,-122.32138,"CONTRA COSTA",RICHMOND,-122.32135816,37.92577603
6423399,2014,2014-06-23,9370,2014-03-10,0830,020657,,1,1,5,0710,0,1,1,,2,083,"RT 80","SAN PABLO DAM RD",1318.00,E,N,B,-,Y,,,,,,,,,,N,4,0,1,2,A,-,03,22350,,N,C,C,A,A,H,-,A,D,0,,,,,Y,,A,01,0,0,1,0,0,0,0,0,0,-,-,37.95954,-122.33078,"CONTRA COSTA",RICHMOND,-122.32810866,37.95260731
6422139,2014,2016-02-24,9370,2014-03-26,1020,20149,,3,1,5,0710,0,1,1,,2,058,"RT 580","MARINE ST",0.00,,Y,C,-,Y,CC,4,580,-,R,5.560,R,4,E,Y,4,0,1,1,A,-,08,22107,,N,E,I,A,B,H,-,A,D,1,,,,,Y,,J,48,0,0,1,0,0,0,0,0,0,-,-,37.55497,-122.23314,"CONTRA COSTA",RICHMOND,-122.39357723,37.93204196
6414075,2014,2014-06-18,9370,2014-01-22,0918,018499,,3,1,5,0710,0,1,1,,2,083,RT80,"HILLTOP DR",250.00,E,N,A,-,Y,,,,,,,,,,Y,4,0,2,4,A,-,03,22350,,N,C,C,A,A,H,-,A,D,0,,,,,Y,,A,07,0,0,2,0,0,0,0,0,0,-,-,37.9768,-122.3183,"CONTRA COSTA",RICHMOND,,
6414070,2014,2014-06-17,9370,2014-01-29,1205,020425,,3,1,5,0710,0,1,1,,2,082,RT80,"MACDONALD AV",214.00,W,N,B,-,Y,,,,,,,,,,Y,4,0,1,1,A,-,08,22107,,N,E,I,A,A,G,-,A,A,0,,,,,Y,,A,01,0,0,1,0,0,0,0,0,0,-,-,37.55555,-122.19321,"CONTRA COSTA",RICHMOND,,
6414017,2014,2014-06-11,0710,2014-01-19,1654,1667,BAY,7,5,5,0710,0,0,0,,0,003,"CENTRAL AV","RYDIN AV",0.00,,Y,A,-,N,,,,,,,,,,N,3,0,1,2,A,-,05,21202,,N,D,G,A,A,H,-,B,A,0,,Y,,,Y,,L,04,0,1,0,0,0,0,1,0,0,-,-,,,"CONTRA COSTA",RICHMOND,-122.31670985,37.89968999
6414016,2014,2014-07-23,0710,2014-01-25,1602,1546,CENTR,6,5,5,0710,0,0,0,,0,005,"7TH ST","PENNSYLVANIA AV",0.00,,Y,A,-,N,,,,,,,,,,N,4,0,1,2,A,-,08,22107,,F,G,B,B,A,H,-,A,A,0,Y,,,,Y,,-,,0,0,1,0,1,0,0,0,0,-,-,,,"CONTRA COSTA",RICHMOND,-122.36258987,37.94257988
6414013,2014,2014-06-11,0710,2014-01-17,1910,1662,0710,5,5,5,0710,0,0,0,,0,008,"KLOSE WY","KLOSE WY 3200",0.00,,N,A,-,N,,,,,,,,,,N,3,0,3,4,A,-,10,21950,A,N,G,B,B,A,H,-,C,A,0,Y,,,,Y,,A,01,0,1,2,0,3,0,0,0,0,-,-,,,"CONTRA COSTA",RICHMOND,,
6414012,2014,2014-06-11,0710,2014-01-24,1758,1662,0710,5,5,5,0710,0,0,0,,0,008,"ROBERT H MILLER DR","HILLTOP DR",500.00,S,N,A,-,N,,,,,,,,,,Y,4,0,2,3,A,-,03,22350,,N,C,C,A,A,H,-,C,D,0,,,,,Y,,A,01,0,0,2,0,0,0,0,0,0,-,-,,,"CONTRA COSTA",RICHMOND,,
6414011,2014,2014-06-20,0710,2014-01-28,2201,1351,034,2,5,5,0710,0,0,0,,0,003,"CARLSON BL","CUTTING BL",0.00,,Y,B,-,N,,,,,,,,,,Y,3,0,1,2,A,-,12,21453,A,N,D,C,A,A,H,-,E,A,0,,,,,Y,,-,,0,1,0,0,0,0,0,0,0,-,-,,,"CONTRA COSTA",RICHMOND,-122.33811989,37.92520998
6411115,2014,2014-06-19,9370,2014-02-20,1110,020149,,4,1,5,0710,0,1,1,,2,082,"RT 80","CARLSON BL",1420.00,W,N,A,-,Y,,,,,,,,,,Y,4,0,1,2,A,-,03,22350,,N,C,C,A,A,H,-,A,D,0,,,,,Y,,A,01,0,0,1,0,0,0,0,0,0,-,-,37.45249,-122.18534,"CONTRA COSTA",RICHMOND,-122.31754147,37.91489473
6411103,2014,2014-06-19,9370,2014-02-18,0550,020425,,2,3,5,0710,0,1,1,,2,082,"RT 80","CUTTING BL",1464.00,E,N,A,-,Y,,,,,,,,,,Y,4,0,2,2,A,-,03,22350,,N,C,C,A,A,H,-,B,D,0,,,,,Y,,A,01,0,0,2,0,0,0,0,0,0,-,-,37.55447,-122.19249,"CONTRA COSTA",RICHMOND,-122.31854855,37.92198782
6411048,2014,2014-06-19,9370,2014-02-21,1555,020519,,5,2,5,0710,0,1,1,,2,082,"RT 80","CENTRAL AV",50.00,E,N,A,-,Y,,,,,,,,,,Y,4,0,1,2,A,-,03,22350,,M,C,C,A,A,H,-,A,D,0,,,,,Y,,A,01,0,0,1,0,0,0,0,0,0,-,-,37.9011,-122.3171,"CONTRA COSTA",RICHMOND,-122.31082818,37.90078891
6408405,2014,2014-06-13,0710,2014-02-12,0734,1324,SOUTH,3,5,5,0710,0,0,0,,0,001,"WRIGHT AV","CUTTING BL",56.00,N,N,B,-,N,,,,,,,,,,Y,3,0,2,2,A,-,03,22350,,N,C,C,A,A,H,-,A,A,0,,,,Y,Y,,F,25,0,2,0,0,0,0,0,0,0,-,-,,,"CONTRA COSTA",RICHMOND,,
6408404,2014,2014-06-24,0710,2014-03-18,0800,1477,CENTR,2,5,5,0710,0,0,0,,0,005,"WILLARD AV","FRED JACKSON WY",48.00,W,N,A,-,N,,,,,,,,,,Y,4,0,1,2,A,-,16,26708,A,N,C,C,A,A,H,-,A,D,0,,,,,Y,,A,01,0,0,1,0,0,0,0,0,0,-,-,,,"CONTRA COSTA",RICHMOND,-122.36709651,37.95123173
6404725,2014,2014-07-10,0710,2014-02-07,1709,1494,CENTR,5,5,5,0710,0,0,0,,0,004,"13TH ST","LINCOLN AV",0.00,,Y,C,-,N,,,,,,,,,,Y,4,0,1,2,A,-,09,21801,A,N,D,C,A,B,H,-,B,A,0,,,,,Y,,D,22,0,0,1,0,0,0,0,0,0,-,-,,,"CONTRA COSTA",RICHMOND,-122.35741995,37.94597988
6403735,2014,2014-08-02,0710,2014-02-01,1405,1233,SOUTH,6,5,5,0710,0,0,0,,0,001,"BRICKYARD COVE RD","BRICKYARD WY",0.00,,Y,-,-,N,,,,,,,,,,N,2,0,1,2,A,-,-,,,N,H,G,A,-,-,-,-,-,0,,Y,,,Y,,L,04,1,0,0,0,0,0,1,0,0,-,-,,,"CONTRA COSTA",RICHMOND,-122.38082993,37.9115799
6401814,2014,2014-06-23,9370,2014-02-18,1810,15258,,2,2,5,0710,0,1,1,,2,082,"RT 80","SOLANO AV",900.00,W,N,A,-,Y,,,80,,,,,,,Y,3,0,1,4,A,-,03,22350,,M,C,C,A,A,H,-,C,D,0,,,,Y,Y,,A,07,0,1,0,0,0,0,0,0,0,-,-,37.94086,-122.32423,"CONTRA COSTA",RICHMOND,-122.32420181,37.94084713
6398109,2014,2014-06-12,0710,2014-02-25,2024,1351,034,2,5,5,0710,0,0,0,,0,003,"POTRERO AV","52ND ST",0.00,,Y,A,-,N,,,,,,,,,,Y,4,0,1,2,A,-,12,22450,A,F,D,C,A,A,H,-,C,A,0,,,,,Y,,-,,0,0,1,0,0,0,0,0,0,-,-,,,"CONTRA COSTA",RICHMOND,-122.32121994,37.92101999
6398105,2014,2014-06-12,0710,2014-02-23,1625,1220,NORTH,7,5,5,0710,0,0,0,,0,008,"RICHMOND PKWY","SAN PABLO AV",0.00,,Y,A,-,N,,,,,,,,,,Y,3,0,3,2,A,-,12,21453,A,N,D,C,A,A,H,-,A,A,0,,,,,Y,,-,,0,1,2,0,0,0,0,0,0,-,-,,,"CONTRA COSTA",RICHMOND,-122.33290996,37.99075991
6397704,2014,2014-06-05,9370,2014-02-18,0812,019645,,2,1,5,0710,0,1,1,,2,082,"RT 80","MCBRYDE AV",350.00,E,N,A,-,Y,,,,,,,,,,Y,4,0,1,3,A,-,04,21703,,N,C,C,A,A,H,-,A,D,0,,,,,Y,,A,01,0,0,1,0,0,0,0,0,0,-,-,37.94989,-122.59761,"CONTRA COSTA",RICHMOND,-122.32571744,37.94771162
6390872,2014,2014-06-20,9370,2014-02-12,0815,019645,,3,1,5,0710,0,1,1,,2,082,RT80,"CARLSON AV",750.00,E,N,A,-,Y,,,,,,,,,,Y,4,0,1,2,A,-,03,22350,,N,C,C,A,A,H,-,A,D,0,,,,,Y,,D,22,0,0,1,0,0,0,0,0,0,-,-,37.54531,-122.59431,"CONTRA COSTA",RICHMOND,,
6384217,2014,2014-06-10,0710,2014-01-25,1705,1662,0710,6,5,5,0710,0,0,0,,0,008,"ROBERT H MILLER DR","BIRMINGHAM DR",0.00,,Y,A,-,N,,,,,,,,,,N,4,0,1,2,A,-,09,21801,A,N,D,C,A,A,H,-,B,D,0,,,,,Y,,D,22,0,0,1,0,0,0,0,0,0,-,-,,,"CONTRA COSTA",RICHMOND,,
6381687,2014,2014-06-07,9370,2014-01-25,1727,20356,,6,2,5,0710,0,3,5,,2,010,"VERDE AV","GIARAMITA ST",67.00,W,N,A,-,N,,,,,,,,,,Y,2,0,1,4,A,-,01,23152,A,F,G,B,E,A,H,-,B,D,0,Y,,,,Y,Y,A,01,1,0,0,0,1,0,0,0,0,-,-,37.96,-122.36364,"CONTRA COSTA",RICHMOND,-122.36354237,37.95996484
6370316,2014,2014-06-10,0710,2014-01-30,2221,1640,NORTH,4,5,5,0710,0,0,0,,0,007,"SAN PABLO AV","SOLANO AV",0.00,,Y,A,-,N,,,,,,,,,,N,4,0,1,2,A,-,03,22350,,N,C,C,A,A,H,-,D,A,0,,,,,Y,,A,07,0,0,1,0,0,0,0,0,0,-,-,,,"CONTRA COSTA",RICHMOND,-122.32827986,37.94204995
6370272,2014,2014-06-10,0710,2014-01-15,2146,1524,SOUTH,3,5,5,0710,0,0,0,,0,003,"CUTTING BL","RT 80",0.00,,Y,A,-,Y,,,,,,,,,,Y,4,0,1,1,A,-,01,23152,A,N,-,I,A,A,H,-,C,A,0,,,,,Y,Y,A,08,0,0,1,0,0,0,0,0,0,-,-,,,"CONTRA COSTA",RICHMOND,-122.32110985,37.92545997
6370268,2014,2014-06-10,0710,2014-01-14,1743,1494,CENTR,2,5,5,0710,0,0,0,,0,006,"NEVIN AV","NEVIN AV BLK 500",0.00,,Y,A,-,N,,,,,,,,,,N,4,0,1,2,A,-,11,21954,A,N,C,B,D,A,H,-,C,D,0,Y,,,,Y,,N,60,0,0,1,0,1,0,0,0,0,-,-,,,"CONTRA COSTA",RICHMOND,,
6370078,2014,2014-06-13,0710,2014-02-05,1722,1494,NORTH,3,5,5,0710,0,0,0,,0,007,"WILSON AV","CLINTON AV",35.00,N,N,C,-,N,,,,,,,,,,N,4,0,1,2,A,-,03,22350,,N,C,G,A,B,H,-,B,A,0,,Y,,,Y,Y,L,04,0,0,1,0,0,0,1,0,0,-,-,,,"CONTRA COSTA",RICHMOND,-122.32846294,37.94056993
6370074,2014,2014-06-13,0710,2014-02-03,1247,1380,NORTH,1,5,5,0710,0,0,0,,0,007,"MACDONALD AV","24TH ST",9.00,E,N,A,-,N,,,,,,,,,,N,4,0,1,2,A,-,10,21950,A,N,G,B,B,A,H,-,A,D,0,Y,,,,Y,,A,01,0,0,1,0,1,0,0,0,0,-,-,,,"CONTRA COSTA",RICHMOND,-122.34630912,37.93556637
6369629,2014,2015-01-09,0710,2014-01-17,1421,1324,NORTH,5,5,5,0710,0,0,0,,0,008,"PARKRIDGE DR","WOODLAND RD",0.00,,Y,A,-,N,,,,,,,,,,N,2,0,1,2,A,-,11,21956,,N,A,B,E,A,H,-,A,D,0,Y,,,,Y,Y,N,60,1,0,0,0,1,0,0,0,0,-,-,,,"CONTRA COSTA",RICHMOND,-122.3433,37.99186
6369609,2014,2015-01-09,0710,2014-01-18,2202,1643,CENTR,6,5,5,0710,0,0,0,,0,005,"7TH ST","LUCAS AV",0.00,,Y,A,-,N,,,,,,,,,,Y,4,0,1,2,A,-,05,21650,,F,B,E,A,A,H,-,C,A,0,,,,,Y,Y,A,01,0,0,1,0,0,0,0,0,0,-,-,,,"CONTRA COSTA",RICHMOND,-122.36267988,37.94443992
6369351,2014,2014-06-03,0710,2014-01-30,0656,1242,NORTH,4,5,5,0710,0,0,0,,0,,"HILLTOP DR","ROBERT MILLER RD",0.00,,Y,B,-,N,,,,,,,,,,Y,3,0,1,2,A,-,08,22101,D,F,D,C,A,B,H,-,A,A,0,,,,,Y,,D,22,0,1,0,0,0,0,0,0,0,-,-,,,"CONTRA COSTA",RICHMOND,-122.3331799,37.97837989
6369325,2014,2014-06-25,0710,2014-02-01,1722,1640,NORTH,6,5,5,0710,0,0,0,,0,007,"SAN PABLO AV","BARRETT AV",0.00,,Y,A,-,N,,,,,,,,,,N,4,0,1,2,A,-,09,21804,A,N,B,C,A,A,H,-,A,A,0,,,,,Y,,-,,0,0,1,0,0,0,0,0,0,-,-,,,"CONTRA COSTA",RICHMOND,-122.32505999,37.93532996
6366160,2014,2015-01-15,0710,2014-01-25,1303,1242,NORTH,6,5,5,0710,0,0,0,,0,008,"ROBERT MILLER RD","HILLTOP DR",112.00,S,N,B,-,N,,,,,,,,,,Y,4,0,2,3,A,-,03,22350,,N,E,I,A,A,H,-,A,A,0,,,,,Y,,A,01,0,0,2,0,0,0,0,0,0,-,-,,,"CONTRA COSTA",RICHMOND,-122.33346538,37.97817112
6360988,2014,2016-02-24,9350,2014-01-23,0810,016669,,4,1,5,0710,0,1,1,,2,115,"RT 580","MARIN / CONTRA COSTA CO LINE",500.00,E,N,A,-,Y,CC,4,580,-,-,7.700,H,-,W,N,4,0,1,2,A,-,03,22350,,N,C,C,A,A,H,-,A,D,1,,,,,Y,,A,01,0,0,1,0,0,0,0,0,0,-,-,,,"CONTRA COSTA",RICHMOND,-122.43223664,37.93427883
6352142,2014,2014-06-19,0710,2014-01-12,1615,1662,,7,5,5,0710,0,0,0,,0,008,"HILLTOP MALL RD","GARRITY WY",220.00,W,N,A,-,N,,,,,,,,,,Y,4,0,1,3,A,-,09,21801,A,N,D,C,A,A,H,-,A,D,0,,,,,Y,,A,01,0,0,1,0,0,0,0,0,0,-,-,,,"CONTRA COSTA",RICHMOND,-122.32595551,37.97860725
6352035,2014,2014-06-04,9370,2014-01-07,1415,019645,,2,2,5,0710,0,1,1,,2,083,RT80,"RICHMOND PKWY",375.00,W,N,A,-,Y,,,,,,,,,,N,4,0,1,2,A,-,07,21658,A,N,B,C,A,A,H,-,A,D,0,,,,,Y,,A,01,0,0,1,0,0,0,0,0,0,-,-,37.98572,-122.31547,"CONTRA COSTA",RICHMOND,,
6349694,2014,2016-02-24,9350,2014-01-17,1910,17201,,5,2,5,0710,0,1,1,,2,115,"RT 580","SAN RAFAEL RICHMOND BRIDGE",125.00,W,N,A,-,Y,CC,4,580,-,-,6.240,H,-,E,Y,4,0,1,2,A,-,03,22350,,N,C,C,A,A,H,-,C,D,1,,,,,Y,,A,01,0,0,1,0,0,0,0,0,0,-,-,37.93231,-122.40595,"CONTRA COSTA",RICHMOND,-122.40549025,37.93229269
6346324,2014,2014-06-05,9370,2014-01-06,2018,020107,,1,2,5,0710,0,1,1,,2,082,"RT 80","SAN PABLO AV",20.00,W,N,A,-,Y,,,80,,,,,,,Y,4,0,1,2,A,-,03,22350,,N,C,C,A,A,H,-,C,D,0,,,,,Y,,A,01,0,0,1,0,0,0,0,0,0,TO,-,37.93673,-122.32596,"CONTRA COSTA",RICHMOND,-122.32625957,37.93689268
6345224,2014,2014-06-02,0710,2014-01-08,1814,1494,NORTH,3,5,5,0710,0,0,0,,0,008,"SAN PABLO AV","RICHMOND PKWY",260.00,S,N,A,-,N,,,,,,,,,,Y,4,0,3,3,A,-,03,22350,,N,C,C,A,A,H,-,C,A,0,,,,,Y,,A,01,0,0,3,0,0,0,0,0,0,-,-,,,"CONTRA COSTA",RICHMOND,-122.33338206,37.99015246
6345220,2014,2014-06-02,0710,2014-01-11,1814,1380,NORTH,6,5,5,0710,0,0,0,,0,008,"BLUME DR","KLOSE WY",0.00,,Y,B,-,N,,,,,,,,,,Y,4,0,1,2,A,-,12,22450,A,N,D,C,A,A,H,-,E,D,0,,,,,Y,,A,07,0,0,1,0,0,0,0,0,0,-,-,,,"CONTRA COSTA",RICHMOND,-122.32281988,37.98198993
6345216,2014,2014-06-18,0710,2014-01-11,0002,1655,CENTR,6,5,5,0710,0,0,0,,0,006,"MARINA WY","BISSELL AV",0.00,,Y,A,-,N,,,,,,,,,,Y,4,0,1,2,A,-,01,23153,,N,B,C,A,A,H,-,C,A,0,,,,,Y,Y,-,,0,0,1,0,0,0,0,0,0,-,-,,,"CONTRA COSTA",RICHMOND,-122.35618,37.93406997
6340860,2014,2014-06-26,0710,2014-01-03,1320,1640,NORTH,5,5,5,0710,0,0,0,,0,007,"RHEEM AV","24TH ST",0.00,,Y,A,-,N,,,,,,,,,,Y,4,0,1,2,A,-,09,21802,A,N,D,C,A,A,H,-,A,D,0,,,,,Y,,-,,0,0,1,0,0,0,0,0,0,-,-,,,"CONTRA COSTA",RICHMOND,-122.34534986,37.94983998
6333546,2014,2016-02-24,9370,2014-01-09,0920,020149,,4,1,5,0710,0,1,1,,2,058,RT80,"MARINE ST",820.00,W,N,A,-,Y,CC,4,580,-,R,5.620,H,-,W,N,4,0,1,2,A,-,03,22350,,N,C,C,A,A,H,-,A,D,1,,,,,Y,,D,22,0,0,1,0,0,0,0,0,0,-,-,37.55535,-122.25319,"CONTRA COSTA",RICHMOND,-122.39456214,37.93253308
6314737,2014,2014-06-04,0710,2014-01-06,1000,1477,NORTH,1,5,5,0710,0,0,0,,0,007,"37TH ST","MACDONALD AV",0.00,,Y,A,-,N,,,,,,,,,,N,3,0,1,2,A,-,12,21453,A,N,D,G,A,A,H,-,A,A,0,,Y,,,Y,,L,04,0,1,0,0,0,0,1,0,0,-,-,,,"CONTRA COSTA",RICHMOND,-122.33421992,37.93384996
6292202,2015,2015-07-31,0710,2015-03-01,2005,1586,,7,5,5,0710,0,0,0,,0,,"RHEEM AV","36TH ST",27.00,W,N,A,-,N,,,,,,,,,,N,1,1,0,2,A,-,11,21954,A,N,G,B,D,A,H,-,C,D,0,Y,,,,Y,Y,N,60,0,0,0,1,0,0,0,0,0,-,-,,,"CONTRA COSTA",RICHMOND,-122.33300364,37.9498417
6292186,2015,2017-04-25,0710,2015-03-14,1820,1505,SOUTH,6,5,5,0710,0,0,0,,0,003,"REGATTA BL","S 34TH ST",54.00,W,N,B,-,N,,,,,,,,,,Y,1,1,4,1,A,-,08,22107,,N,E,I,A,A,H,-,B,D,0,,,,,Y,,A,01,0,2,2,0,0,0,0,0,0,-,-,,,"CONTRA COSTA",RICHMOND,-122.33696718,37.91818587
6292040,2014,2015-03-23,0710,2014-05-13,2131,1324,CENTR,2,5,5,0710,0,0,0,,0,006,"RICHMOND PKWY","MACDONALD AV",285.00,S,N,A,-,N,,,,,,,,,,Y,1,1,0,1,A,-,03,22350,,N,E,I,A,A,H,-,C,D,0,,,,,Y,,A,01,0,0,0,0,0,0,0,0,0,-,-,,,"CONTRA COSTA",RICHMOND,-122.37364226,37.93534349
6290432,2014,2014-05-08,0710,2014-02-20,2345,1494,NORTH,4,5,5,0710,0,0,0,,0,008,"SAN PABLO AV","STANTON AV",0.00,N,N,A,-,N,,,,,,,,,,Y,1,1,3,1,A,-,01,23152,A,N,E,I,A,A,H,-,C,D,0,,,,,Y,Y,A,01,2,0,1,0,0,0,0,0,0,-,-,,,"CONTRA COSTA",RICHMOND,-122.33891986,37.98089998